id,archivo,linea,clasificacion,motivo,contenido_original
52,intereses.csv,2,OMITIDO,Edad fuera del rango permitido: '',"137,Bob Johnson,7000,,prestamo"
53,cuentas_anuales.csv,6,OMITIDO,Monto vacio o no numerico: '',"120,2024/04/11,compra,,Ingreso mensual"
54,transacciones.csv,4,OMITIDO,Tipo fuera del catalogo permitido: 'invalid',"3,2024-04-09,800,invalid"
55,transacciones.csv,5,OMITIDO,Monto vacio o no numerico: '',"4,04/05/2024,,invalid"
56,cuentas_anuales.csv,53,OMITIDO,Monto vacio o no numerico: '',"102,2024/11/05,retiro,,Ingreso navideño"
57,intereses.csv,3,OMITIDO,Tipo fuera del catalogo permitido: '-1',"114,Unknown,,30,-1"
58,transacciones.csv,8,OMITIDO,Fecha ilegible o inexistente: 2024-13-01,"7,2024-13-01,700,debito"
59,transacciones.csv,10,OMITIDO,Tipo fuera del catalogo permitido: 'invalid',"9,07-04-2024,3000,invalid"
60,intereses.csv,4,OMITIDO,Edad fuera del rango permitido: 100 (rango permitido 18-99),"133,Alice Brown,12000,100,hipoteca"
61,cuentas_anuales.csv,70,OMITIDO,Monto vacio o no numerico: '',"104,2024/07/31,deposito,,Compra en tienda"
62,transacciones.csv,11,OMITIDO,Tipo fuera del catalogo permitido: 'invalid',"10,2024/10/15,1500,invalid"
63,cuentas_anuales.csv,72,OMITIDO,Monto vacio o no numerico: '',"117,2024-01-12,retiro,,Ingreso extra"
64,intereses.csv,7,OMITIDO,Edad fuera del rango permitido: 100 (rango permitido 18-99),"108,Jane Smith,12000,100,prestamo"
65,intereses.csv,9,OMITIDO,Tipo fuera del catalogo permitido: '-1',"138,Steve Rogers,10000,25,-1"
66,transacciones.csv,16,OMITIDO,Monto vacio o no numerico: '',"15,01/06/2024,,desconocido"
67,cuentas_anuales.csv,98,OMITIDO,Monto vacio o no numerico: '',"117,2024-05-18,deposito,,Ingreso mensual"
68,intereses.csv,10,OMITIDO,Saldo vacio o no numerico: '',"113,Charlie Green,,35,hipoteca"
69,transacciones.csv,17,OMITIDO,Tipo fuera del catalogo permitido: 'invalid',"16,2024-04-27,1000,invalid"
70,intereses.csv,12,OMITIDO,Tipo fuera del catalogo permitido: '-1',"102,Alice Brown,12000,45,-1"
71,transacciones.csv,18,OMITIDO,Tipo fuera del catalogo permitido: 'invalid',"17,18/12/2024,-200,invalid"
72,intereses.csv,15,OMITIDO,Edad fuera del rango permitido: 150 (rango permitido 18-99),"145,Charlie Green,8000,150,ahorro"
73,transacciones.csv,23,OMITIDO,Tipo fuera del catalogo permitido: 'invalid',"22,2024/06/05,1000,invalid"
74,intereses.csv,17,OMITIDO,Edad fuera del rango permitido: 100 (rango permitido 18-99),"117,Steve Rogers,12000,100,ahorro"
75,transacciones.csv,24,OMITIDO,Fecha ilegible o inexistente: 2024-13-01,"23,2024-13-01,1000,credito"
76,intereses.csv,18,OMITIDO,Edad fuera del rango permitido: 100 (rango permitido 18-99),"128,Diana Prince,7000,100,prestamo"
77,transacciones.csv,26,OMITIDO,Monto vacio o no numerico: '',"25,09/11/2024,,debito"
78,intereses.csv,19,OMITIDO,Edad fuera del rango permitido: 100 (rango permitido 18-99),"147,Alice Brown,8000,100,hipoteca"
79,transacciones.csv,29,OMITIDO,Monto vacio o no numerico: '',"28,2024-09-03,,desconocido"
80,intereses.csv,20,OMITIDO,Edad fuera del rango permitido: '',"148,John Doe,7000,,prestamo"
81,transacciones.csv,30,OMITIDO,Monto vacio o no numerico: '',"29,27-05-2024,,debito"
82,intereses.csv,21,OMITIDO,Tipo fuera del catalogo permitido: '-1',"142,Steve Rogers,5000,,-1"
83,transacciones.csv,31,OMITIDO,Tipo fuera del catalogo permitido: 'invalid',"30,09/02/2024,-200,invalid"
84,intereses.csv,23,OMITIDO,Tipo fuera del catalogo permitido: '-1',"103,Jane Smith,8000,30,-1"
85,transacciones.csv,32,OMITIDO,Tipo fuera del catalogo permitido: 'invalid',"31,2024/04/11,800,invalid"
86,intereses.csv,24,OMITIDO,Tipo fuera del catalogo permitido: '-1',"110,Unknown,5000,35,-1"
87,transacciones.csv,33,OMITIDO,Tipo fuera del catalogo permitido: 'invalid',"32,2024/01/01,1500,invalid"
88,intereses.csv,25,OMITIDO,Edad fuera del rango permitido: '',"111,Diana Prince,10000,,hipoteca"
89,transacciones.csv,40,OMITIDO,Tipo fuera del catalogo permitido: 'invalid',"39,18/11/2024,1200,invalid"
90,intereses.csv,26,OMITIDO,Tipo fuera del catalogo permitido: '-1',"136,Charlie Green,8000,100,-1"
91,transacciones.csv,41,OMITIDO,Fecha ilegible o inexistente: 2024-13-01,"40,2024-13-01,3000,credito"
92,cuentas_anuales.csv,127,OMITIDO,Monto vacio o no numerico: '',"103,2024-07-12,deposito,,"
93,intereses.csv,27,OMITIDO,Saldo vacio o no numerico: '',"146,Steve Rogers,,30,ahorro"
94,transacciones.csv,44,OMITIDO,Tipo fuera del catalogo permitido: 'invalid',"43,2024-12-06,-100,invalid"
95,cuentas_anuales.csv,137,OMITIDO,Monto vacio o no numerico: '',"114,2024/10/16,retiro,,Ingreso mensual"
96,intereses.csv,28,OMITIDO,Tipo fuera del catalogo permitido: '-1',"134,Charlie Green,8000,150,-1"
97,transacciones.csv,46,OMITIDO,Monto vacio o no numerico: '',"45,23/08/2024,,credito"
98,intereses.csv,30,OMITIDO,Saldo vacio o no numerico: '',"107,Alice Brown,,25,prestamo"
99,transacciones.csv,48,OMITIDO,Tipo fuera del catalogo permitido: 'invalid',"47,30-11-2024,1200,invalid"
100,intereses.csv,32,OMITIDO,Tipo fuera del catalogo permitido: 'unknown',"103,Jane Smith,7000,40,unknown"
101,transacciones.csv,51,OMITIDO,Fecha ilegible o inexistente: 2024-13-01,"50,2024-13-01,1200,debito"
102,transacciones.csv,53,OMITIDO,Tipo fuera del catalogo permitido: 'invalid',"52,16/03/2024,1000,invalid"
103,intereses.csv,33,OMITIDO,Edad fuera del rango permitido: 100 (rango permitido 18-99),"110,Jane Smith,8000,100,ahorro"
104,transacciones.csv,54,OMITIDO,Monto vacio o no numerico: '',"53,02/07/2024,,debito"
105,intereses.csv,34,OMITIDO,Saldo vacio o no numerico: '',"116,Diana Prince,,,prestamo"
106,transacciones.csv,55,OMITIDO,Tipo fuera del catalogo permitido: 'desconocido',"54,21-02-2024,800,desconocido"
107,intereses.csv,36,OMITIDO,Edad fuera del rango permitido: '',"141,Unknown,7000,,ahorro"
108,transacciones.csv,58,OMITIDO,Tipo fuera del catalogo permitido: 'invalid',"57,27/07/2024,-200,invalid"
109,intereses.csv,37,OMITIDO,Tipo fuera del catalogo permitido: '-1',"120,John Doe,,,-1"
110,transacciones.csv,61,OMITIDO,Tipo fuera del catalogo permitido: 'invalid',"60,2024-04-04,-200,invalid"
111,intereses.csv,39,OMITIDO,Tipo fuera del catalogo permitido: '-1',"140,John Doe,,45,-1"
112,transacciones.csv,66,OMITIDO,Monto vacio o no numerico: '',"65,16/10/2024,,debito"
113,intereses.csv,40,OMITIDO,Saldo vacio o no numerico: '',"107,Diana Prince,,25,ahorro"
114,transacciones.csv,67,OMITIDO,Tipo fuera del catalogo permitido: 'invalid',"66,2024-05-28,1500,invalid"
115,intereses.csv,43,OMITIDO,Saldo vacio o no numerico: '',"150,Charlie Green,,40,hipoteca"
116,transacciones.csv,69,OMITIDO,Tipo fuera del catalogo permitido: 'desconocido',"68,2024-01-11,3000,desconocido"
117,intereses.csv,44,OMITIDO,Saldo vacio o no numerico: '',"137,Steve Rogers,,35,prestamo"
118,transacciones.csv,70,OMITIDO,Tipo fuera del catalogo permitido: 'invalid',"69,29/09/2024,1500,invalid"
119,intereses.csv,45,OMITIDO,Tipo fuera del catalogo permitido: '-1',"126,Jane Smith,5000,25,-1"
120,transacciones.csv,71,OMITIDO,Monto vacio o no numerico: '',"70,2024/09/18,,desconocido"
121,intereses.csv,48,OMITIDO,Tipo fuera del catalogo permitido: '-1',"104,Steve Rogers,8000,45,-1"
122,transacciones.csv,73,OMITIDO,Tipo fuera del catalogo permitido: 'invalid',"72,2024-03-01,-200,invalid"
123,intereses.csv,49,OMITIDO,Saldo vacio o no numerico: '',"143,Charlie Green,,150,hipoteca"
124,cuentas_anuales.csv,228,OMITIDO,Monto vacio o no numerico: '',"107,21-03-2024,deposito,,Compra en tienda"
125,transacciones.csv,75,OMITIDO,Tipo fuera del catalogo permitido: 'invalid',"74,30/07/2024,1000,invalid"
126,intereses.csv,50,OMITIDO,Tipo fuera del catalogo permitido: '-1',"133,Steve Rogers,,100,-1"
127,cuentas_anuales.csv,246,OMITIDO,Monto vacio o no numerico: '',"107,08/12/2024,compra,,Retiro parcial"
128,transacciones.csv,78,OMITIDO,Fecha ilegible o inexistente: 2024-13-01,"77,2024-13-01,3000,invalid"
129,cuentas_anuales.csv,249,OMITIDO,Monto vacio o no numerico: '',"106,19/10/2024,deposito,,"
130,intereses.csv,51,OMITIDO,Tipo fuera del catalogo permitido: '-1',"121,Alice Brown,12000,100,-1"
131,transacciones.csv,80,OMITIDO,Monto vacio o no numerico: '',"79,02/06/2024,,invalid"
132,intereses.csv,53,OMITIDO,Edad fuera del rango permitido: 150 (rango permitido 18-99),"104,Jane Smith,12000,150,ahorro"
133,cuentas_anuales.csv,256,OMITIDO,Monto vacio o no numerico: '',"105,2024-08-11,deposito,,Compra en tienda"
134,transacciones.csv,81,OMITIDO,Tipo fuera del catalogo permitido: 'invalid',"80,16-04-2024,1200,invalid"
135,intereses.csv,54,OMITIDO,Edad fuera del rango permitido: 100 (rango permitido 18-99),"127,John Doe,5000,100,hipoteca"
136,cuentas_anuales.csv,271,OMITIDO,Monto vacio o no numerico: '',"108,2024-09-29,deposito,,Ingreso extra"
137,transacciones.csv,82,OMITIDO,Monto vacio o no numerico: '',"81,2024/06/18,,invalid"
138,intereses.csv,56,OMITIDO,Edad fuera del rango permitido: '',"123,Diana Prince,7000,,hipoteca"
139,transacciones.csv,87,OMITIDO,Tipo fuera del catalogo permitido: 'invalid',"86,2024-11-04,1500,invalid"
140,intereses.csv,57,OMITIDO,Tipo fuera del catalogo permitido: '-1',"138,Alice Brown,5000,,-1"
141,transacciones.csv,88,OMITIDO,Tipo fuera del catalogo permitido: 'invalid',"87,2024/10/22,1200,invalid"
142,intereses.csv,58,OMITIDO,Edad fuera del rango permitido: '',"121,Steve Rogers,8000,,hipoteca"
143,transacciones.csv,91,OMITIDO,Tipo fuera del catalogo permitido: 'invalid',"90,28/07/2024,700,invalid"
144,intereses.csv,59,OMITIDO,Edad fuera del rango permitido: 150 (rango permitido 18-99),"107,Charlie Green,10000,150,hipoteca"
145,transacciones.csv,99,OMITIDO,Tipo fuera del catalogo permitido: 'invalid',"98,2024-07-05,1200,invalid"
146,intereses.csv,60,OMITIDO,Tipo fuera del catalogo permitido: '-1',"119,John Doe,10000,100,-1"
147,transacciones.csv,101,OMITIDO,Monto vacio o no numerico: '',"100,15-06-2024,,debito"
148,intereses.csv,62,OMITIDO,Edad fuera del rango permitido: 100 (rango permitido 18-99),"132,Jane Smith,10000,100,hipoteca"
149,intereses.csv,63,OMITIDO,Edad fuera del rango permitido: '',"137,Bob Johnson,8000,,ahorro"
150,intereses.csv,64,OMITIDO,Saldo vacio o no numerico: '',"139,Bob Johnson,,35,prestamo"
151,intereses.csv,65,OMITIDO,Edad fuera del rango permitido: '',"102,Alice Brown,8000,,ahorro"
152,intereses.csv,67,OMITIDO,Saldo vacio o no numerico: '',"141,Bob Johnson,,,ahorro"
153,intereses.csv,68,OMITIDO,Tipo fuera del catalogo permitido: '-1',"140,Bob Johnson,8000,40,-1"
154,intereses.csv,69,OMITIDO,Edad fuera del rango permitido: '',"126,Alice Brown,12000,,prestamo"
155,intereses.csv,71,OMITIDO,Edad fuera del rango permitido: 100 (rango permitido 18-99),"123,John Doe,12000,100,prestamo"
156,cuentas_anuales.csv,318,OMITIDO,Monto vacio o no numerico: '',"119,2024/02/29,compra,,Ingreso mensual"
157,intereses.csv,74,OMITIDO,Tipo fuera del catalogo permitido: '-1',"107,Diana Prince,,25,-1"
158,cuentas_anuales.csv,363,OMITIDO,Monto vacio o no numerico: '',"105,17/12/2024,retiro,,Retiro parcial"
159,intereses.csv,75,OMITIDO,Edad fuera del rango permitido: '',"107,Unknown,5000,,ahorro"
160,cuentas_anuales.csv,371,OMITIDO,Monto vacio o no numerico: '',"104,2024-07-17,compra,,Retiro parcial"
161,intereses.csv,76,OMITIDO,Tipo fuera del catalogo permitido: '-1',"120,Bob Johnson,,40,-1"
162,cuentas_anuales.csv,374,OMITIDO,Monto vacio o no numerico: '',"111,04/05/2024,deposito,,Ingreso navideño"
163,intereses.csv,77,OMITIDO,Tipo fuera del catalogo permitido: '-1',"111,Charlie Green,12000,40,-1"
164,cuentas_anuales.csv,379,OMITIDO,Monto vacio o no numerico: '',"117,01-11-2024,deposito,,"
165,intereses.csv,79,OMITIDO,Saldo vacio o no numerico: '',"120,Unknown,,40,prestamo"
166,cuentas_anuales.csv,382,OMITIDO,Monto vacio o no numerico: '',"120,2024-07-26,retiro,,Ingreso mensual"
167,intereses.csv,81,OMITIDO,Edad fuera del rango permitido: 100 (rango permitido 18-99),"137,Alice Brown,8000,100,hipoteca"
168,cuentas_anuales.csv,385,OMITIDO,Monto vacio o no numerico: '',"102,2024/08/30,retiro,,Ingreso navideño"
169,intereses.csv,82,OMITIDO,Tipo fuera del catalogo permitido: '-1',"119,Bob Johnson,10000,25,-1"
170,cuentas_anuales.csv,396,OMITIDO,Monto vacio o no numerico: '',"107,15-06-2024,compra,,"
171,intereses.csv,83,OMITIDO,Tipo fuera del catalogo permitido: '-1',"136,Charlie Green,10000,35,-1"
172,transacciones.csv,106,OMITIDO,Tipo fuera del catalogo permitido: 'invalid',"105,2024-12-13,3000,invalid"
173,intereses.csv,84,OMITIDO,Tipo fuera del catalogo permitido: '-1',"130,Charlie Green,,25,-1"
174,transacciones.csv,108,OMITIDO,Tipo fuera del catalogo permitido: 'invalid',"107,16/01/2024,700,invalid"
175,intereses.csv,85,OMITIDO,Tipo fuera del catalogo permitido: '-1',"137,John Doe,,40,-1"
176,transacciones.csv,109,OMITIDO,Tipo fuera del catalogo permitido: 'invalid',"108,2024/02/28,-200,invalid"
177,intereses.csv,86,OMITIDO,Tipo fuera del catalogo permitido: '-1',"102,Bob Johnson,8000,45,-1"
178,transacciones.csv,110,OMITIDO,Tipo fuera del catalogo permitido: 'invalid',"109,2024-09-15,1200,invalid"
179,intereses.csv,87,OMITIDO,Tipo fuera del catalogo permitido: '-1',"114,Charlie Green,10000,,-1"
180,transacciones.csv,115,OMITIDO,Tipo fuera del catalogo permitido: 'invalid',"114,01-02-2024,700,invalid"
181,transacciones.csv,117,OMITIDO,Tipo fuera del catalogo permitido: 'invalid',"116,2024-10-03,1500,invalid"
182,intereses.csv,88,OMITIDO,Edad fuera del rango permitido: '',"112,Steve Rogers,10000,,ahorro"
183,transacciones.csv,119,OMITIDO,Monto vacio o no numerico: '',"118,27/08/2024,,invalid"
184,intereses.csv,89,OMITIDO,Tipo fuera del catalogo permitido: '-1',"140,Jane Smith,,35,-1"
185,transacciones.csv,120,OMITIDO,Monto vacio o no numerico: '',"119,06-12-2024,,debito"
186,intereses.csv,90,OMITIDO,Tipo fuera del catalogo permitido: '-1',"110,Charlie Green,7000,25,-1"
187,transacciones.csv,123,OMITIDO,Tipo fuera del catalogo permitido: 'invalid',"122,2024-08-26,800,invalid"
188,intereses.csv,94,OMITIDO,Edad fuera del rango permitido: '',"149,Bob Johnson,8000,,ahorro"
189,transacciones.csv,125,OMITIDO,Monto vacio o no numerico: '',"124,2024/08/22,,invalid"
190,intereses.csv,97,OMITIDO,Tipo fuera del catalogo permitido: '-1',"122,Bob Johnson,,100,-1"
191,cuentas_anuales.csv,409,OMITIDO,Monto vacio o no numerico: '',"114,2024-03-16,compra,,Retiro parcial"
192,transacciones.csv,128,OMITIDO,Tipo fuera del catalogo permitido: 'invalid',"127,2024-04-09,700,invalid"
193,intereses.csv,98,OMITIDO,Edad fuera del rango permitido: '',"102,Jane Smith,7000,,prestamo"
194,cuentas_anuales.csv,439,OMITIDO,Monto vacio o no numerico: '',"118,09/06/2024,retiro,,Ingreso navideño"
195,transacciones.csv,129,OMITIDO,Tipo fuera del catalogo permitido: 'invalid',"128,2024-07-26,1500,invalid"
196,intereses.csv,99,OMITIDO,Edad fuera del rango permitido: 150 (rango permitido 18-99),"138,John Doe,12000,150,prestamo"
197,cuentas_anuales.csv,472,OMITIDO,Monto vacio o no numerico: '',"116,2024/03/10,retiro,,Ingreso mensual"
198,transacciones.csv,130,OMITIDO,Tipo fuera del catalogo permitido: 'invalid',"129,14-11-2024,700,invalid"
199,intereses.csv,101,OMITIDO,Tipo fuera del catalogo permitido: 'unknown',"139,Alice Brown,5000,100,unknown"
200,cuentas_anuales.csv,491,OMITIDO,Monto vacio o no numerico: '',"104,31/05/2024,retiro,,"
201,transacciones.csv,133,OMITIDO,Tipo fuera del catalogo permitido: 'invalid',"132,2024-12-10,0,invalid"
202,transacciones.csv,134,OMITIDO,Tipo fuera del catalogo permitido: 'invalid',"133,21-07-2024,500,invalid"
203,transacciones.csv,136,OMITIDO,Monto vacio o no numerico: '',"135,02/03/2024,,debito"
204,transacciones.csv,137,OMITIDO,Tipo fuera del catalogo permitido: 'invalid',"136,2024/10/27,0,invalid"
205,transacciones.csv,138,OMITIDO,Tipo fuera del catalogo permitido: 'desconocido',"137,17-06-2024,1200,desconocido"
206,transacciones.csv,139,OMITIDO,Fecha ilegible o inexistente: 2024-13-01,"138,2024-13-01,1000,invalid"
207,transacciones.csv,147,OMITIDO,Monto vacio o no numerico: '',"146,01-07-2024,,debito"
208,transacciones.csv,149,OMITIDO,Tipo fuera del catalogo permitido: 'invalid',"148,2024-03-30,1000,invalid"
209,transacciones.csv,150,OMITIDO,Tipo fuera del catalogo permitido: 'desconocido',"149,02/11/2024,3000,desconocido"
210,cuentas_anuales.csv,516,OMITIDO,Monto vacio o no numerico: '',"113,13/12/2024,compra,,Ingreso navideño"
211,transacciones.csv,151,OMITIDO,Fecha ilegible o inexistente: 2024-13-01,"150,2024-13-01,1500,debito"
212,intereses.csv,102,OMITIDO,Edad fuera del rango permitido: '',"136,Alice Brown,10000,,ahorro"
213,cuentas_anuales.csv,526,OMITIDO,Monto vacio o no numerico: '',"102,2024/12/27,retiro,,Compra en tienda"
214,transacciones.csv,153,OMITIDO,Tipo fuera del catalogo permitido: 'invalid',"152,25/10/2024,1500,invalid"
215,intereses.csv,103,OMITIDO,Tipo fuera del catalogo permitido: '-1',"103,Charlie Green,8000,30,-1"
216,cuentas_anuales.csv,530,OMITIDO,Monto vacio o no numerico: '',"116,04-04-2024,compra,,Ingreso navideño"
217,transacciones.csv,156,OMITIDO,Tipo fuera del catalogo permitido: 'desconocido',"155,22/12/2024,-200,desconocido"
218,intereses.csv,104,OMITIDO,Edad fuera del rango permitido: 100 (rango permitido 18-99),"147,Bob Johnson,7000,100,hipoteca"
219,cuentas_anuales.csv,581,OMITIDO,Monto vacio o no numerico: '',"105,2024/03/11,retiro,,Ingreso navideño"
220,transacciones.csv,161,OMITIDO,Tipo fuera del catalogo permitido: 'invalid',"160,03/08/2024,1500,invalid"
221,intereses.csv,105,OMITIDO,Tipo fuera del catalogo permitido: '-1',"127,Alice Brown,7000,,-1"
222,transacciones.csv,164,OMITIDO,Tipo fuera del catalogo permitido: 'desconocido',"163,30-11-2024,3000,desconocido"
223,intereses.csv,106,OMITIDO,Tipo fuera del catalogo permitido: '-1',"149,Alice Brown,10000,25,-1"
224,transacciones.csv,165,OMITIDO,Tipo fuera del catalogo permitido: 'invalid',"164,04-03-2024,3000,invalid"
225,intereses.csv,107,OMITIDO,Tipo fuera del catalogo permitido: '-1',"115,Charlie Green,8000,45,-1"
226,transacciones.csv,166,OMITIDO,Tipo fuera del catalogo permitido: 'invalid',"165,2024-08-30,1000,invalid"
227,intereses.csv,108,OMITIDO,Tipo fuera del catalogo permitido: '-1',"131,Steve Rogers,8000,150,-1"
228,transacciones.csv,168,OMITIDO,Monto vacio o no numerico: '',"167,23/02/2024,,credito"
229,intereses.csv,109,OMITIDO,Tipo fuera del catalogo permitido: 'unknown',"148,Bob Johnson,,30,unknown"
230,transacciones.csv,170,OMITIDO,Tipo fuera del catalogo permitido: 'invalid',"169,2024/03/05,800,invalid"
231,intereses.csv,112,OMITIDO,Edad fuera del rango permitido: 100 (rango permitido 18-99),"108,Jane Smith,10000,100,ahorro"
232,transacciones.csv,171,OMITIDO,Tipo fuera del catalogo permitido: 'invalid',"170,2024/09/07,1200,invalid"
233,intereses.csv,114,OMITIDO,Tipo fuera del catalogo permitido: 'unknown',"113,Jane Smith,10000,,unknown"
234,transacciones.csv,172,OMITIDO,Monto vacio o no numerico: '',"171,14-05-2024,,debito"
235,intereses.csv,115,OMITIDO,Tipo fuera del catalogo permitido: '-1',"135,Charlie Green,12000,150,-1"
236,intereses.csv,116,OMITIDO,Saldo vacio o no numerico: '',"150,Steve Rogers,,,hipoteca"
237,transacciones.csv,175,OMITIDO,Monto vacio o no numerico: '',"174,2024-10-26,,invalid"
238,cuentas_anuales.csv,605,OMITIDO,Monto vacio o no numerico: '',"109,2024-09-03,retiro,,Ingreso navideño"
239,intereses.csv,117,OMITIDO,Saldo vacio o no numerico: '',"123,Diana Prince,,30,ahorro"
240,transacciones.csv,176,OMITIDO,Tipo fuera del catalogo permitido: 'invalid',"175,24-09-2024,1500,invalid"
241,cuentas_anuales.csv,613,OMITIDO,Monto vacio o no numerico: '',"118,11/01/2024,retiro,,"
242,intereses.csv,118,OMITIDO,Edad fuera del rango permitido: 100 (rango permitido 18-99),"146,Jane Smith,12000,100,hipoteca"
243,transacciones.csv,177,OMITIDO,Tipo fuera del catalogo permitido: 'invalid',"176,2024-06-07,1000,invalid"
244,cuentas_anuales.csv,621,OMITIDO,Monto vacio o no numerico: '',"114,2024/09/16,compra,,Ingreso extra"
245,intereses.csv,119,OMITIDO,Tipo fuera del catalogo permitido: '-1',"105,Steve Rogers,8000,25,-1"
246,transacciones.csv,181,OMITIDO,Tipo fuera del catalogo permitido: 'desconocido',"180,28/05/2024,1000,desconocido"
247,cuentas_anuales.csv,645,OMITIDO,Monto vacio o no numerico: '',"107,08-05-2024,compra,,Retiro parcial"
248,intereses.csv,120,OMITIDO,Tipo fuera del catalogo permitido: '-1',"127,Diana Prince,,150,-1"
249,transacciones.csv,182,OMITIDO,Tipo fuera del catalogo permitido: 'invalid',"181,2024/09/08,800,invalid"
250,cuentas_anuales.csv,649,OMITIDO,Monto vacio o no numerico: '',"112,2024/03/15,compra,,Ingreso extra"
251,intereses.csv,121,OMITIDO,Tipo fuera del catalogo permitido: '-1',"113,Charlie Green,,30,-1"
252,transacciones.csv,186,OMITIDO,Fecha ilegible o inexistente: 2024-13-01,"185,2024-13-01,1000,debito"
253,cuentas_anuales.csv,667,OMITIDO,Monto vacio o no numerico: '',"113,2024/09/13,retiro,,"
254,intereses.csv,122,OMITIDO,Tipo fuera del catalogo permitido: '-1',"145,Diana Prince,,25,-1"
255,transacciones.csv,187,OMITIDO,Tipo fuera del catalogo permitido: 'invalid',"186,2024-01-04,3000,invalid"
256,intereses.csv,124,OMITIDO,Saldo vacio o no numerico: '',"142,John Doe,,35,hipoteca"
257,transacciones.csv,190,OMITIDO,Tipo fuera del catalogo permitido: 'invalid',"189,2024-01-17,800,invalid"
258,intereses.csv,127,OMITIDO,Tipo fuera del catalogo permitido: '-1',"133,John Doe,12000,35,-1"
259,transacciones.csv,192,OMITIDO,Monto vacio o no numerico: '',"191,26-07-2024,,invalid"
260,intereses.csv,128,OMITIDO,Tipo fuera del catalogo permitido: 'unknown',"128,John Doe,,35,unknown"
261,transacciones.csv,194,OMITIDO,Tipo fuera del catalogo permitido: 'invalid',"193,2024-01-16,1500,invalid"
262,intereses.csv,131,OMITIDO,Edad fuera del rango permitido: '',"126,Diana Prince,12000,,hipoteca"
263,transacciones.csv,200,OMITIDO,Tipo fuera del catalogo permitido: 'invalid',"199,01/06/2024,700,invalid"
264,intereses.csv,132,OMITIDO,Edad fuera del rango permitido: '',"149,Alice Brown,8000,,prestamo"
265,transacciones.csv,201,OMITIDO,Monto vacio o no numerico: '',"200,2024/10/13,,invalid"
266,intereses.csv,134,OMITIDO,Edad fuera del rango permitido: 100 (rango permitido 18-99),"111,Unknown,5000,100,hipoteca"
267,intereses.csv,136,OMITIDO,Saldo vacio o no numerico: '',"121,John Doe,,35,hipoteca"
268,intereses.csv,137,OMITIDO,Tipo fuera del catalogo permitido: '-1',"123,Bob Johnson,12000,45,-1"
269,cuentas_anuales.csv,707,OMITIDO,Monto vacio o no numerico: '',"103,13-09-2024,compra,,"
270,intereses.csv,138,OMITIDO,Edad fuera del rango permitido: '',"108,Alice Brown,10000,,ahorro"
271,cuentas_anuales.csv,790,OMITIDO,Monto vacio o no numerico: '',"110,08-02-2024,compra,,Retiro parcial"
272,intereses.csv,139,OMITIDO,Tipo fuera del catalogo permitido: '-1',"121,John Doe,,,-1"
273,cuentas_anuales.csv,793,OMITIDO,Monto vacio o no numerico: '',"105,01/09/2024,deposito,,Ingreso mensual"
274,intereses.csv,141,OMITIDO,Tipo fuera del catalogo permitido: '-1',"108,Jane Smith,12000,45,-1"
275,intereses.csv,143,OMITIDO,Tipo fuera del catalogo permitido: '-1',"115,Bob Johnson,7000,25,-1"
276,intereses.csv,144,OMITIDO,Tipo fuera del catalogo permitido: '-1',"135,Diana Prince,7000,100,-1"
277,intereses.csv,146,OMITIDO,Tipo fuera del catalogo permitido: '-1',"137,Steve Rogers,8000,,-1"
278,intereses.csv,148,OMITIDO,Tipo fuera del catalogo permitido: '-1',"112,John Doe,7000,150,-1"
279,intereses.csv,149,OMITIDO,Tipo fuera del catalogo permitido: '-1',"111,John Doe,,25,-1"
280,intereses.csv,150,OMITIDO,Saldo vacio o no numerico: '',"121,John Doe,,150,ahorro"
281,intereses.csv,151,OMITIDO,Edad fuera del rango permitido: '',"117,Bob Johnson,5000,,prestamo"
282,intereses.csv,152,OMITIDO,Saldo vacio o no numerico: '',"120,Diana Prince,,,ahorro"
283,cuentas_anuales.csv,842,OMITIDO,Monto vacio o no numerico: '',"114,2024-05-18,deposito,,Retiro parcial"
284,intereses.csv,155,OMITIDO,Tipo fuera del catalogo permitido: 'unknown',"129,John Doe,12000,35,unknown"
285,transacciones.csv,203,OMITIDO,Monto vacio o no numerico: '',"202,09-01-2024,,debito"
286,cuentas_anuales.csv,849,OMITIDO,Monto vacio o no numerico: '',"112,2024/08/11,deposito,,"
287,intereses.csv,157,OMITIDO,Tipo fuera del catalogo permitido: 'unknown',"122,Jane Smith,5000,100,unknown"
288,transacciones.csv,204,OMITIDO,Fecha ilegible o inexistente: 2024-13-01,"203,2024-13-01,1200,debito"
289,cuentas_anuales.csv,851,OMITIDO,Monto vacio o no numerico: '',"107,2024-02-07,deposito,,Ingreso navideño"
290,intereses.csv,158,OMITIDO,Tipo fuera del catalogo permitido: '-1',"138,Diana Prince,5000,,-1"
291,transacciones.csv,206,OMITIDO,Tipo fuera del catalogo permitido: 'invalid',"205,07-08-2024,1000,invalid"
292,cuentas_anuales.csv,856,OMITIDO,Monto vacio o no numerico: '',"118,20/05/2024,retiro,,Ingreso mensual"
293,intereses.csv,161,OMITIDO,Saldo vacio o no numerico: '',"145,Steve Rogers,,,ahorro"
294,transacciones.csv,209,OMITIDO,Monto vacio o no numerico: '',"208,2024/01/29,,invalid"
295,cuentas_anuales.csv,867,OMITIDO,Monto vacio o no numerico: '',"101,01-09-2024,compra,,"
296,intereses.csv,162,OMITIDO,Edad fuera del rango permitido: '',"107,Steve Rogers,10000,,ahorro"
297,transacciones.csv,210,OMITIDO,Fecha ilegible o inexistente: 2024-13-01,"209,2024-13-01,1200,debito"
298,cuentas_anuales.csv,878,OMITIDO,Monto vacio o no numerico: '',"101,27-05-2024,deposito,,Ingreso navideño"
299,intereses.csv,165,OMITIDO,Tipo fuera del catalogo permitido: '-1',"146,Jane Smith,,25,-1"
300,transacciones.csv,212,OMITIDO,Tipo fuera del catalogo permitido: 'invalid',"211,2024-04-18,800,invalid"
301,cuentas_anuales.csv,886,OMITIDO,Monto vacio o no numerico: '',"102,29/11/2024,compra,,Compra en tienda"
302,intereses.csv,166,OMITIDO,Tipo fuera del catalogo permitido: '-1',"116,Steve Rogers,10000,30,-1"
303,transacciones.csv,215,OMITIDO,Monto vacio o no numerico: '',"214,2024/04/15,,desconocido"
304,cuentas_anuales.csv,901,OMITIDO,Monto vacio o no numerico: '',"116,18/12/2024,deposito,,Ingreso navideño"
305,intereses.csv,167,OMITIDO,Saldo vacio o no numerico: '',"123,Alice Brown,,25,hipoteca"
306,transacciones.csv,217,OMITIDO,Tipo fuera del catalogo permitido: 'desconocido',"216,2024-03-05,-200,desconocido"
307,intereses.csv,168,OMITIDO,Saldo vacio o no numerico: '',"103,Alice Brown,,150,hipoteca"
308,transacciones.csv,222,OMITIDO,Tipo fuera del catalogo permitido: 'invalid',"221,19-06-2024,1200,invalid"
309,intereses.csv,169,OMITIDO,Tipo fuera del catalogo permitido: '-1',"140,John Doe,,30,-1"
310,transacciones.csv,226,OMITIDO,Monto vacio o no numerico: '',"225,2024/04/01,,desconocido"
311,intereses.csv,170,OMITIDO,Edad fuera del rango permitido: '',"120,Charlie Green,7000,,hipoteca"
312,transacciones.csv,229,OMITIDO,Tipo fuera del catalogo permitido: 'invalid',"228,2024-07-12,1500,invalid"
313,intereses.csv,171,OMITIDO,Tipo fuera del catalogo permitido: 'unknown',"105,Jane Smith,7000,40,unknown"
314,transacciones.csv,230,OMITIDO,Monto vacio o no numerico: '',"229,22-10-2024,,invalid"
315,intereses.csv,173,OMITIDO,Tipo fuera del catalogo permitido: '-1',"132,Bob Johnson,5000,150,-1"
316,transacciones.csv,231,OMITIDO,Tipo fuera del catalogo permitido: 'invalid',"230,13/01/2024,-100,invalid"
317,intereses.csv,175,OMITIDO,Tipo fuera del catalogo permitido: '-1',"120,Alice Brown,12000,45,-1"
318,transacciones.csv,232,OMITIDO,Tipo fuera del catalogo permitido: 'invalid',"231,2024/12/25,0,invalid"
319,intereses.csv,177,OMITIDO,Edad fuera del rango permitido: 100 (rango permitido 18-99),"143,Charlie Green,5000,100,ahorro"
320,transacciones.csv,233,OMITIDO,Tipo fuera del catalogo permitido: 'invalid',"232,04/02/2024,1500,invalid"
321,cuentas_anuales.csv,909,OMITIDO,Monto vacio o no numerico: '',"107,06/04/2024,retiro,,Ingreso mensual"
322,intereses.csv,178,OMITIDO,Saldo vacio o no numerico: '',"123,Steve Rogers,,,prestamo"
323,transacciones.csv,236,OMITIDO,Tipo fuera del catalogo permitido: 'invalid',"235,07-04-2024,800,invalid"
324,cuentas_anuales.csv,940,OMITIDO,Monto vacio o no numerico: '',"117,19-04-2024,retiro,,Retiro parcial"
325,intereses.csv,182,OMITIDO,Edad fuera del rango permitido: '',"123,Bob Johnson,10000,,ahorro"
326,transacciones.csv,243,OMITIDO,Monto vacio o no numerico: '',"242,24-07-2024,,credito"
327,cuentas_anuales.csv,966,OMITIDO,Monto vacio o no numerico: '',"111,07-03-2024,deposito,,Ingreso mensual"
328,intereses.csv,183,OMITIDO,Tipo fuera del catalogo permitido: 'unknown',"135,Steve Rogers,10000,45,unknown"
329,transacciones.csv,245,OMITIDO,Tipo fuera del catalogo permitido: 'desconocido',"244,2024-07-23,3000,desconocido"
330,intereses.csv,187,OMITIDO,Edad fuera del rango permitido: '',"104,Jane Smith,10000,,hipoteca"
331,transacciones.csv,248,OMITIDO,Monto vacio o no numerico: '',"247,13/05/2024,,debito"
332,intereses.csv,188,OMITIDO,Edad fuera del rango permitido: '',"110,Charlie Green,8000,,prestamo"
333,transacciones.csv,249,OMITIDO,Monto vacio o no numerico: '',"248,10-12-2024,,invalid"
334,intereses.csv,191,OMITIDO,Saldo vacio o no numerico: '',"145,Steve Rogers,,,prestamo"
335,transacciones.csv,250,OMITIDO,Tipo fuera del catalogo permitido: 'invalid',"249,19/06/2024,1200,invalid"
336,intereses.csv,192,OMITIDO,Edad fuera del rango permitido: '',"109,Steve Rogers,10000,,prestamo"
337,transacciones.csv,254,OMITIDO,Monto vacio o no numerico: '',"253,02-09-2024,,invalid"
338,intereses.csv,193,OMITIDO,Tipo fuera del catalogo permitido: '-1',"132,John Doe,12000,45,-1"
339,transacciones.csv,255,OMITIDO,Tipo fuera del catalogo permitido: 'invalid',"254,2024/10/26,1200,invalid"
340,intereses.csv,195,OMITIDO,Tipo fuera del catalogo permitido: 'unknown',"150,Alice Brown,10000,40,unknown"
341,transacciones.csv,259,OMITIDO,Monto vacio o no numerico: '',"258,2024/01/06,,credito"
342,intereses.csv,197,OMITIDO,Edad fuera del rango permitido: '',"145,Alice Brown,7000,,ahorro"
343,transacciones.csv,260,OMITIDO,Monto vacio o no numerico: '',"259,04-05-2024,,credito"
344,intereses.csv,198,OMITIDO,Edad fuera del rango permitido: '',"148,Alice Brown,7000,,hipoteca"
345,transacciones.csv,261,OMITIDO,Tipo fuera del catalogo permitido: 'desconocido',"260,2024-03-23,3000,desconocido"
346,intereses.csv,199,OMITIDO,Tipo fuera del catalogo permitido: '-1',"120,Charlie Green,7000,40,-1"
347,transacciones.csv,263,OMITIDO,Monto vacio o no numerico: '',"262,02/09/2024,,debito"
348,intereses.csv,201,OMITIDO,Tipo fuera del catalogo permitido: '-1',"103,Bob Johnson,10000,,-1"
349,transacciones.csv,264,OMITIDO,Tipo fuera del catalogo permitido: 'invalid',"263,02-07-2024,3000,invalid"
350,transacciones.csv,265,OMITIDO,Fecha ilegible o inexistente: 2024-13-01,"264,2024-13-01,1500,invalid"
351,transacciones.csv,267,OMITIDO,Tipo fuera del catalogo permitido: 'invalid',"266,02-11-2024,-200,invalid"
352,transacciones.csv,268,OMITIDO,Monto vacio o no numerico: '',"267,2024/04/06,,invalid"
353,intereses.csv,209,FILTRADO,"Registro duplicado, ya procesado en esta ejecucion: fila identica","140,John Doe,,45,-1"
354,transacciones.csv,270,OMITIDO,Tipo fuera del catalogo permitido: 'desconocido',"269,2024/07/27,1200,desconocido"
355,transacciones.csv,271,OMITIDO,Fecha ilegible o inexistente: 2024-13-01,"270,2024-13-01,1200,invalid"
356,transacciones.csv,272,OMITIDO,Monto vacio o no numerico: '',"271,2024-03-18,,desconocido"
357,transacciones.csv,273,OMITIDO,Tipo fuera del catalogo permitido: 'invalid',"272,2024/09/04,3000,invalid"
358,transacciones.csv,274,OMITIDO,Tipo fuera del catalogo permitido: 'invalid',"273,26/04/2024,1000,invalid"
359,transacciones.csv,280,OMITIDO,Tipo fuera del catalogo permitido: 'invalid',"279,2024-02-24,800,invalid"
360,transacciones.csv,283,OMITIDO,Monto vacio o no numerico: '',"282,08/08/2024,,debito"
361,transacciones.csv,286,OMITIDO,Tipo fuera del catalogo permitido: 'desconocido',"285,13/12/2024,1500,desconocido"
362,intereses.csv,202,OMITIDO,Saldo vacio o no numerico: '',"137,Alice Brown,,45,ahorro"
363,transacciones.csv,292,OMITIDO,Tipo fuera del catalogo permitido: 'invalid',"291,2024-04-17,1000,invalid"
364,intereses.csv,203,OMITIDO,Edad fuera del rango permitido: '',"140,Alice Brown,7000,,hipoteca"
365,transacciones.csv,294,OMITIDO,Tipo fuera del catalogo permitido: 'invalid',"293,18/10/2024,1500,invalid"
366,intereses.csv,205,OMITIDO,Tipo fuera del catalogo permitido: '-1',"114,Bob Johnson,5000,30,-1"
367,transacciones.csv,295,OMITIDO,Tipo fuera del catalogo permitido: 'desconocido',"294,2024/07/01,700,desconocido"
368,intereses.csv,206,OMITIDO,Edad fuera del rango permitido: 100 (rango permitido 18-99),"114,Steve Rogers,5000,100,prestamo"
369,transacciones.csv,296,OMITIDO,Monto vacio o no numerico: '',"295,2024-06-12,,invalid"
370,intereses.csv,207,OMITIDO,Tipo fuera del catalogo permitido: '-1',"105,Diana Prince,5000,30,-1"
371,transacciones.csv,297,OMITIDO,Monto vacio o no numerico: '',"296,09/12/2024,,debito"
372,intereses.csv,208,OMITIDO,Tipo fuera del catalogo permitido: '-1',"116,Alice Brown,8000,35,-1"
373,transacciones.csv,298,OMITIDO,Tipo fuera del catalogo permitido: 'desconocido',"297,2024-08-19,1000,desconocido"
374,intereses.csv,210,OMITIDO,Saldo vacio o no numerico: '',"142,Alice Brown,,100,prestamo"
375,transacciones.csv,299,OMITIDO,Fecha ilegible o inexistente: 2024-13-01,"298,2024-13-01,700,debito"
376,intereses.csv,211,OMITIDO,Tipo fuera del catalogo permitido: '-1',"125,Jane Smith,12000,30,-1"
377,transacciones.csv,300,OMITIDO,Tipo fuera del catalogo permitido: 'invalid',"299,2024-10-10,700,invalid"
378,intereses.csv,213,OMITIDO,Tipo fuera del catalogo permitido: '-1',"114,Charlie Green,7000,100,-1"
379,transacciones.csv,301,OMITIDO,Tipo fuera del catalogo permitido: 'invalid',"300,2024-03-28,1500,invalid"
380,intereses.csv,214,OMITIDO,Edad fuera del rango permitido: '',"112,John Doe,12000,,ahorro"
381,intereses.csv,215,OMITIDO,Edad fuera del rango permitido: 100 (rango permitido 18-99),"128,Jane Smith,7000,100,hipoteca"
382,intereses.csv,217,OMITIDO,Tipo fuera del catalogo permitido: '-1',"150,Jane Smith,8000,,-1"
383,intereses.csv,218,OMITIDO,Tipo fuera del catalogo permitido: '-1',"129,Charlie Green,10000,40,-1"
384,intereses.csv,221,OMITIDO,Saldo vacio o no numerico: '',"127,Steve Rogers,,,prestamo"
385,intereses.csv,222,OMITIDO,Tipo fuera del catalogo permitido: '-1',"125,Charlie Green,12000,25,-1"
386,intereses.csv,223,OMITIDO,Saldo vacio o no numerico: '',"126,Diana Prince,,35,prestamo"
387,intereses.csv,224,OMITIDO,Edad fuera del rango permitido: '',"118,Bob Johnson,8000,,ahorro"
388,intereses.csv,225,OMITIDO,Tipo fuera del catalogo permitido: '-1',"114,Alice Brown,,,-1"
389,intereses.csv,226,OMITIDO,Edad fuera del rango permitido: 150 (rango permitido 18-99),"114,Charlie Green,10000,150,hipoteca"
390,intereses.csv,227,OMITIDO,Tipo fuera del catalogo permitido: '-1',"138,Diana Prince,7000,35,-1"
391,intereses.csv,231,OMITIDO,Edad fuera del rango permitido: '',"140,Steve Rogers,12000,,ahorro"
392,intereses.csv,235,OMITIDO,Edad fuera del rango permitido: 150 (rango permitido 18-99),"144,Charlie Green,7000,150,prestamo"
393,transacciones.csv,303,OMITIDO,Monto vacio o no numerico: '',"302,16/10/2024,,debito"
394,intereses.csv,236,OMITIDO,Edad fuera del rango permitido: '',"132,Alice Brown,5000,,ahorro"
395,transacciones.csv,305,OMITIDO,Tipo fuera del catalogo permitido: 'invalid',"304,03-03-2024,1000,invalid"
396,intereses.csv,237,OMITIDO,Tipo fuera del catalogo permitido: '-1',"122,Jane Smith,,100,-1"
397,transacciones.csv,306,OMITIDO,Tipo fuera del catalogo permitido: 'invalid',"305,18-10-2024,700,invalid"
398,intereses.csv,238,OMITIDO,Tipo fuera del catalogo permitido: '-1',"116,Alice Brown,12000,30,-1"
399,transacciones.csv,307,OMITIDO,Monto vacio o no numerico: '',"306,2024-07-08,,invalid"
400,intereses.csv,240,OMITIDO,Tipo fuera del catalogo permitido: '-1',"129,Unknown,,35,-1"
401,transacciones.csv,308,OMITIDO,Monto vacio o no numerico: '',"307,02/01/2024,,credito"
402,intereses.csv,241,OMITIDO,Edad fuera del rango permitido: '',"117,Steve Rogers,10000,,hipoteca"
403,transacciones.csv,309,OMITIDO,Fecha ilegible o inexistente: 2024-13-01,"308,2024-13-01,,invalid"
404,intereses.csv,244,OMITIDO,Saldo vacio o no numerico: '',"147,John Doe,,35,hipoteca"
405,transacciones.csv,311,OMITIDO,Tipo fuera del catalogo permitido: 'invalid',"310,14/12/2024,1000,invalid"
406,intereses.csv,246,OMITIDO,Saldo vacio o no numerico: '',"144,John Doe,,,prestamo"
407,transacciones.csv,312,OMITIDO,Fecha ilegible o inexistente: 2024-13-01,"311,2024-13-01,1000,credito"
408,intereses.csv,247,OMITIDO,Tipo fuera del catalogo permitido: '-1',"123,Steve Rogers,,,-1"
409,transacciones.csv,313,OMITIDO,Tipo fuera del catalogo permitido: 'desconocido',"312,24/06/2024,1200,desconocido"
410,intereses.csv,248,OMITIDO,Edad fuera del rango permitido: '',"122,Charlie Green,5000,,prestamo"
411,transacciones.csv,314,OMITIDO,Tipo fuera del catalogo permitido: 'invalid',"313,16/10/2024,-200,invalid"
412,intereses.csv,250,OMITIDO,Saldo vacio o no numerico: '',"106,Diana Prince,,30,prestamo"
413,transacciones.csv,315,OMITIDO,Tipo fuera del catalogo permitido: 'invalid',"314,22/03/2024,-200,invalid"
414,intereses.csv,252,OMITIDO,Saldo vacio o no numerico: '',"125,Steve Rogers,,100,ahorro"
415,transacciones.csv,316,OMITIDO,Fecha ilegible o inexistente: 2024-13-01,"315,2024-13-01,1200,debito"
416,intereses.csv,254,OMITIDO,Tipo fuera del catalogo permitido: 'unknown',"139,Alice Brown,12000,100,unknown"
417,transacciones.csv,317,OMITIDO,Monto vacio o no numerico: '',"316,2024/04/01,,credito"
418,intereses.csv,255,OMITIDO,Edad fuera del rango permitido: '',"115,Alice Brown,7000,,ahorro"
419,transacciones.csv,318,OMITIDO,Tipo fuera del catalogo permitido: 'invalid',"317,19-01-2024,800,invalid"
420,intereses.csv,256,OMITIDO,Tipo fuera del catalogo permitido: 'unknown',"106,Diana Prince,5000,100,unknown"
421,transacciones.csv,319,OMITIDO,Tipo fuera del catalogo permitido: 'invalid',"318,2024-06-04,1500,invalid"
422,intereses.csv,257,OMITIDO,Tipo fuera del catalogo permitido: '-1',"114,Steve Rogers,7000,45,-1"
423,transacciones.csv,320,OMITIDO,Tipo fuera del catalogo permitido: 'invalid',"319,2024-05-08,-200,invalid"
424,intereses.csv,259,OMITIDO,Saldo vacio o no numerico: '',"103,Charlie Green,,30,hipoteca"
425,transacciones.csv,321,OMITIDO,Tipo fuera del catalogo permitido: 'invalid',"320,29/02/2024,700,invalid"
426,intereses.csv,260,OMITIDO,Saldo vacio o no numerico: '',"109,Diana Prince,,40,hipoteca"
427,transacciones.csv,323,OMITIDO,Monto vacio o no numerico: '',"322,2024-01-28,,invalid"
428,intereses.csv,263,OMITIDO,Edad fuera del rango permitido: '',"102,Jane Smith,5000,,prestamo"
429,transacciones.csv,325,OMITIDO,Tipo fuera del catalogo permitido: 'invalid',"324,23/09/2024,800,invalid"
430,intereses.csv,267,OMITIDO,Edad fuera del rango permitido: 150 (rango permitido 18-99),"137,John Doe,10000,150,prestamo"
431,transacciones.csv,327,OMITIDO,Tipo fuera del catalogo permitido: 'invalid',"326,2024/12/15,1200,invalid"
432,intereses.csv,268,OMITIDO,Tipo fuera del catalogo permitido: 'unknown',"136,Diana Prince,,30,unknown"
433,transacciones.csv,328,OMITIDO,Tipo fuera del catalogo permitido: 'desconocido',"327,30-04-2024,-200,desconocido"
434,intereses.csv,269,OMITIDO,Edad fuera del rango permitido: '',"123,John Doe,8000,,ahorro"
435,transacciones.csv,330,OMITIDO,Tipo fuera del catalogo permitido: 'invalid',"329,2024-05-02,700,invalid"
436,intereses.csv,270,OMITIDO,Edad fuera del rango permitido: 100 (rango permitido 18-99),"106,Alice Brown,12000,100,ahorro"
437,transacciones.csv,331,OMITIDO,Monto vacio o no numerico: '',"330,04/12/2024,,credito"
438,intereses.csv,271,OMITIDO,Tipo fuera del catalogo permitido: '-1',"123,Alice Brown,10000,,-1"
439,transacciones.csv,334,OMITIDO,Monto vacio o no numerico: '',"333,22-02-2024,,debito"
440,intereses.csv,273,OMITIDO,Edad fuera del rango permitido: 100 (rango permitido 18-99),"142,John Doe,8000,100,hipoteca"
441,transacciones.csv,337,OMITIDO,Tipo fuera del catalogo permitido: 'invalid',"336,2024/03/14,800,invalid"
442,intereses.csv,275,OMITIDO,Tipo fuera del catalogo permitido: '-1',"122,Diana Prince,5000,25,-1"
443,transacciones.csv,339,OMITIDO,Tipo fuera del catalogo permitido: 'invalid',"338,2024/06/19,800,invalid"
444,intereses.csv,276,OMITIDO,Saldo vacio o no numerico: '',"126,Charlie Green,,35,hipoteca"
445,transacciones.csv,340,OMITIDO,Monto vacio o no numerico: '',"339,06-06-2024,,invalid"
446,intereses.csv,279,OMITIDO,Tipo fuera del catalogo permitido: '-1',"121,Bob Johnson,5000,25,-1"
447,transacciones.csv,342,OMITIDO,Tipo fuera del catalogo permitido: 'invalid',"341,2024-01-28,-200,invalid"
448,intereses.csv,280,OMITIDO,Saldo vacio o no numerico: '',"149,Charlie Green,,100,prestamo"
449,transacciones.csv,343,OMITIDO,Monto vacio o no numerico: '',"342,08-07-2024,,debito"
450,intereses.csv,281,OMITIDO,Saldo vacio o no numerico: '',"143,Diana Prince,,40,hipoteca"
451,transacciones.csv,344,OMITIDO,Tipo fuera del catalogo permitido: 'invalid',"343,08-01-2024,3000,invalid"
452,intereses.csv,282,OMITIDO,Edad fuera del rango permitido: '',"121,Charlie Green,5000,,ahorro"
453,transacciones.csv,346,OMITIDO,Tipo fuera del catalogo permitido: 'invalid',"345,19/11/2024,700,invalid"
454,intereses.csv,283,OMITIDO,Tipo fuera del catalogo permitido: '-1',"116,John Doe,12000,,-1"
455,transacciones.csv,347,OMITIDO,Tipo fuera del catalogo permitido: 'invalid',"346,2024/10/12,1500,invalid"
456,intereses.csv,289,OMITIDO,Saldo vacio o no numerico: '',"145,Jane Smith,,25,prestamo"
457,transacciones.csv,348,OMITIDO,Tipo fuera del catalogo permitido: 'invalid',"347,20-05-2024,3000,invalid"
458,intereses.csv,290,OMITIDO,Saldo vacio o no numerico: '',"138,Alice Brown,,45,ahorro"
459,transacciones.csv,353,OMITIDO,Tipo fuera del catalogo permitido: 'invalid',"352,02/02/2024,-200,invalid"
460,intereses.csv,291,OMITIDO,Tipo fuera del catalogo permitido: '-1',"114,John Doe,8000,25,-1"
461,transacciones.csv,354,OMITIDO,Monto vacio o no numerico: '',"353,18-04-2024,,credito"
462,transacciones.csv,355,OMITIDO,Monto vacio o no numerico: '',"354,10/01/2024,,debito"
463,intereses.csv,294,OMITIDO,Edad fuera del rango permitido: 100 (rango permitido 18-99),"101,Steve Rogers,10000,100,ahorro"
464,transacciones.csv,358,OMITIDO,Fecha ilegible o inexistente: 2024-13-01,"357,2024-13-01,1000,credito"
465,intereses.csv,295,OMITIDO,Tipo fuera del catalogo permitido: '-1',"128,Diana Prince,8000,35,-1"
466,transacciones.csv,359,OMITIDO,Monto vacio o no numerico: '',"358,2024/10/10,,invalid"
467,intereses.csv,296,OMITIDO,Tipo fuera del catalogo permitido: '-1',"120,Alice Brown,10000,100,-1"
468,transacciones.csv,360,OMITIDO,Monto vacio o no numerico: '',"359,04/08/2024,,debito"
469,intereses.csv,297,OMITIDO,Tipo fuera del catalogo permitido: '-1',"150,Unknown,10000,100,-1"
470,transacciones.csv,361,OMITIDO,Tipo fuera del catalogo permitido: 'invalid',"360,23-04-2024,700,invalid"
471,intereses.csv,298,OMITIDO,Tipo fuera del catalogo permitido: '-1',"121,Alice Brown,5000,40,-1"
472,transacciones.csv,362,OMITIDO,Monto vacio o no numerico: '',"361,08/05/2024,,invalid"
473,intereses.csv,299,OMITIDO,Tipo fuera del catalogo permitido: 'unknown',"114,Bob Johnson,8000,45,unknown"
474,transacciones.csv,364,OMITIDO,Tipo fuera del catalogo permitido: 'invalid',"363,2024/01/09,1000,invalid"
475,intereses.csv,300,OMITIDO,Edad fuera del rango permitido: '',"117,Alice Brown,5000,,ahorro"
476,transacciones.csv,370,OMITIDO,Tipo fuera del catalogo permitido: 'desconocido',"369,2024/09/29,800,desconocido"
477,intereses.csv,301,OMITIDO,Edad fuera del rango permitido: 150 (rango permitido 18-99),"147,Diana Prince,8000,150,ahorro"
478,transacciones.csv,375,OMITIDO,Tipo fuera del catalogo permitido: 'desconocido',"374,2024/07/25,800,desconocido"
479,transacciones.csv,378,OMITIDO,Monto vacio o no numerico: '',"377,25/05/2024,,credito"
480,transacciones.csv,380,OMITIDO,Tipo fuera del catalogo permitido: 'invalid',"379,2024/03/09,1000,invalid"
481,transacciones.csv,382,OMITIDO,Monto vacio o no numerico: '',"381,25/06/2024,,credito"
482,transacciones.csv,383,OMITIDO,Tipo fuera del catalogo permitido: 'invalid',"382,04/07/2024,500,invalid"
483,transacciones.csv,384,OMITIDO,Tipo fuera del catalogo permitido: 'invalid',"383,26-01-2024,800,invalid"
484,transacciones.csv,385,OMITIDO,Tipo fuera del catalogo permitido: 'invalid',"384,2024/05/30,700,invalid"
485,transacciones.csv,386,OMITIDO,Tipo fuera del catalogo permitido: 'invalid',"385,27-07-2024,1500,invalid"
486,transacciones.csv,387,OMITIDO,Tipo fuera del catalogo permitido: 'desconocido',"386,2024/01/01,-200,desconocido"
487,intereses.csv,362,FILTRADO,"Registro duplicado, ya procesado en esta ejecucion: fila identica","120,John Doe,,,-1"
488,transacciones.csv,388,OMITIDO,Tipo fuera del catalogo permitido: 'invalid',"387,2024/07/10,3000,invalid"
489,transacciones.csv,389,OMITIDO,Monto vacio o no numerico: '',"388,2024/09/14,,debito"
490,transacciones.csv,390,OMITIDO,Monto vacio o no numerico: '',"389,2024-11-19,,credito"
491,intereses.csv,390,FILTRADO,"Registro duplicado, ya procesado en esta ejecucion: fila identica","147,John Doe,,30,ahorro"
492,transacciones.csv,394,OMITIDO,Fecha ilegible o inexistente: 2024-13-01,"393,2024-13-01,800,credito"
493,transacciones.csv,397,OMITIDO,Monto vacio o no numerico: '',"396,23-05-2024,,debito"
494,transacciones.csv,399,OMITIDO,Tipo fuera del catalogo permitido: 'invalid',"398,2024-05-09,1000,invalid"
495,intereses.csv,302,OMITIDO,Saldo vacio o no numerico: '',"109,Bob Johnson,,,hipoteca"
496,intereses.csv,303,OMITIDO,Tipo fuera del catalogo permitido: '-1',"112,Diana Prince,10000,150,-1"
497,intereses.csv,305,OMITIDO,Tipo fuera del catalogo permitido: '-1',"120,Alice Brown,5000,45,-1"
498,intereses.csv,307,OMITIDO,Saldo vacio o no numerico: '',"112,Jane Smith,,150,hipoteca"
499,intereses.csv,309,OMITIDO,Tipo fuera del catalogo permitido: '-1',"141,Alice Brown,5000,,-1"
500,intereses.csv,310,OMITIDO,Tipo fuera del catalogo permitido: '-1',"149,Steve Rogers,10000,40,-1"
501,intereses.csv,312,OMITIDO,Tipo fuera del catalogo permitido: '-1',"132,Bob Johnson,7000,100,-1"
502,intereses.csv,313,OMITIDO,Tipo fuera del catalogo permitido: '-1',"141,Alice Brown,10000,30,-1"
503,intereses.csv,314,OMITIDO,Edad fuera del rango permitido: 100 (rango permitido 18-99),"123,Unknown,7000,100,prestamo"
504,intereses.csv,315,OMITIDO,Edad fuera del rango permitido: 100 (rango permitido 18-99),"118,John Doe,10000,100,hipoteca"
505,intereses.csv,316,OMITIDO,Saldo vacio o no numerico: '',"138,Jane Smith,,,hipoteca"
506,intereses.csv,317,OMITIDO,Tipo fuera del catalogo permitido: '-1',"123,Alice Brown,8000,45,-1"
507,intereses.csv,319,OMITIDO,Tipo fuera del catalogo permitido: '-1',"144,Charlie Green,7000,30,-1"
508,intereses.csv,321,OMITIDO,Tipo fuera del catalogo permitido: '-1',"136,Steve Rogers,12000,35,-1"
509,intereses.csv,322,OMITIDO,Edad fuera del rango permitido: 150 (rango permitido 18-99),"105,John Doe,10000,150,ahorro"
510,intereses.csv,324,OMITIDO,Saldo vacio o no numerico: '',"147,John Doe,,30,ahorro"
511,intereses.csv,325,OMITIDO,Saldo vacio o no numerico: '',"145,Bob Johnson,,35,ahorro"
512,intereses.csv,326,OMITIDO,Saldo vacio o no numerico: '',"138,Charlie Green,,100,prestamo"
513,intereses.csv,328,OMITIDO,Tipo fuera del catalogo permitido: '-1',"123,Charlie Green,5000,40,-1"
514,transacciones.csv,403,OMITIDO,Monto vacio o no numerico: '',"402,2024/07/16,,credito"
515,intereses.csv,330,OMITIDO,Tipo fuera del catalogo permitido: '-1',"146,Bob Johnson,10000,40,-1"
516,transacciones.csv,405,OMITIDO,Monto vacio o no numerico: '',"404,2024-10-13,,credito"
517,intereses.csv,336,OMITIDO,Edad fuera del rango permitido: 100 (rango permitido 18-99),"105,Diana Prince,7000,100,ahorro"
518,transacciones.csv,407,OMITIDO,Tipo fuera del catalogo permitido: 'desconocido',"406,24/03/2024,700,desconocido"
519,intereses.csv,337,OMITIDO,Edad fuera del rango permitido: '',"128,Steve Rogers,5000,,ahorro"
520,transacciones.csv,408,OMITIDO,Tipo fuera del catalogo permitido: 'desconocido',"407,2024-09-21,-200,desconocido"
521,intereses.csv,338,OMITIDO,Tipo fuera del catalogo permitido: '-1',"113,Unknown,,40,-1"
522,transacciones.csv,411,OMITIDO,Tipo fuera del catalogo permitido: 'invalid',"410,23-11-2024,1500,invalid"
523,intereses.csv,339,OMITIDO,Edad fuera del rango permitido: 100 (rango permitido 18-99),"106,Charlie Green,10000,100,ahorro"
524,transacciones.csv,413,OMITIDO,Tipo fuera del catalogo permitido: 'invalid',"412,06-12-2024,1000,invalid"
525,intereses.csv,340,OMITIDO,Edad fuera del rango permitido: 100 (rango permitido 18-99),"116,Diana Prince,8000,100,ahorro"
526,transacciones.csv,414,OMITIDO,Tipo fuera del catalogo permitido: 'invalid',"413,2024/10/21,1500,invalid"
527,intereses.csv,341,OMITIDO,Saldo vacio o no numerico: '',"140,John Doe,,30,hipoteca"
528,transacciones.csv,415,OMITIDO,Monto vacio o no numerico: '',"414,2024-08-07,,debito"
529,intereses.csv,343,OMITIDO,Tipo fuera del catalogo permitido: '-1',"110,Alice Brown,7000,,-1"
530,transacciones.csv,416,OMITIDO,Monto vacio o no numerico: '',"415,2024/06/29,,credito"
531,intereses.csv,344,OMITIDO,Tipo fuera del catalogo permitido: '-1',"115,Diana Prince,,40,-1"
532,transacciones.csv,417,OMITIDO,Monto vacio o no numerico: '',"416,2024-11-17,,desconocido"
533,intereses.csv,345,OMITIDO,Tipo fuera del catalogo permitido: '-1',"138,Charlie Green,5000,,-1"
534,transacciones.csv,418,OMITIDO,Monto vacio o no numerico: '',"417,2024/06/19,,debito"
535,intereses.csv,346,OMITIDO,Tipo fuera del catalogo permitido: '-1',"150,Diana Prince,8000,35,-1"
536,transacciones.csv,419,OMITIDO,Monto vacio o no numerico: '',"418,2024-12-28,,credito"
537,intereses.csv,347,OMITIDO,Tipo fuera del catalogo permitido: '-1',"101,Steve Rogers,5000,35,-1"
538,transacciones.csv,424,OMITIDO,Tipo fuera del catalogo permitido: 'invalid',"423,2024/08/28,800,invalid"
539,intereses.csv,348,OMITIDO,Saldo vacio o no numerico: '',"105,Alice Brown,,25,prestamo"
540,transacciones.csv,426,OMITIDO,Tipo fuera del catalogo permitido: 'invalid',"425,09/01/2024,1200,invalid"
541,intereses.csv,349,OMITIDO,Saldo vacio o no numerico: '',"150,Steve Rogers,,25,hipoteca"
542,transacciones.csv,428,OMITIDO,Monto vacio o no numerico: '',"427,2024/12/27,,invalid"
543,intereses.csv,350,OMITIDO,Edad fuera del rango permitido: 150 (rango permitido 18-99),"137,Charlie Green,7000,150,hipoteca"
544,transacciones.csv,430,OMITIDO,Monto vacio o no numerico: '',"429,2024-09-27,,invalid"
545,intereses.csv,351,OMITIDO,Saldo vacio o no numerico: '',"124,John Doe,,35,prestamo"
546,transacciones.csv,431,OMITIDO,Tipo fuera del catalogo permitido: 'invalid',"430,2024-05-07,1000,invalid"
547,intereses.csv,352,OMITIDO,Tipo fuera del catalogo permitido: '-1',"132,John Doe,,40,-1"
548,transacciones.csv,432,OMITIDO,Tipo fuera del catalogo permitido: 'desconocido',"431,2024/05/04,-200,desconocido"
549,intereses.csv,353,OMITIDO,Tipo fuera del catalogo permitido: '-1',"113,Alice Brown,,,-1"
550,transacciones.csv,434,OMITIDO,Tipo fuera del catalogo permitido: 'invalid',"433,2024-11-18,1500,invalid"
551,intereses.csv,354,OMITIDO,Tipo fuera del catalogo permitido: '-1',"119,Steve Rogers,,35,-1"
552,transacciones.csv,435,OMITIDO,Tipo fuera del catalogo permitido: 'desconocido',"434,2024/05/03,1500,desconocido"
553,intereses.csv,355,OMITIDO,Tipo fuera del catalogo permitido: 'unknown',"113,Charlie Green,7000,,unknown"
554,transacciones.csv,436,OMITIDO,Monto vacio o no numerico: '',"435,2024/11/20,,credito"
555,intereses.csv,356,OMITIDO,Tipo fuera del catalogo permitido: 'unknown',"146,Charlie Green,8000,25,unknown"
556,transacciones.csv,438,OMITIDO,Monto vacio o no numerico: '',"437,2024/02/28,,credito"
557,intereses.csv,359,OMITIDO,Tipo fuera del catalogo permitido: '-1',"118,Jane Smith,5000,25,-1"
558,transacciones.csv,439,OMITIDO,Tipo fuera del catalogo permitido: 'invalid',"438,2024-10-18,1500,invalid"
559,intereses.csv,360,OMITIDO,Edad fuera del rango permitido: 100 (rango permitido 18-99),"144,Diana Prince,8000,100,prestamo"
560,transacciones.csv,441,OMITIDO,Monto vacio o no numerico: '',"440,28/07/2024,,invalid"
561,intereses.csv,361,OMITIDO,Edad fuera del rango permitido: 100 (rango permitido 18-99),"127,John Doe,12000,100,ahorro"
562,transacciones.csv,444,OMITIDO,Monto vacio o no numerico: '',"443,11/05/2024,,credito"
563,intereses.csv,364,OMITIDO,Tipo fuera del catalogo permitido: 'unknown',"114,Jane Smith,12000,100,unknown"
564,transacciones.csv,445,OMITIDO,Tipo fuera del catalogo permitido: 'desconocido',"444,2024-04-19,1200,desconocido"
565,intereses.csv,365,OMITIDO,Tipo fuera del catalogo permitido: '-1',"139,Charlie Green,12000,45,-1"
566,transacciones.csv,446,OMITIDO,Fecha ilegible o inexistente: 2024-13-01,"445,2024-13-01,1200,debito"
567,intereses.csv,366,OMITIDO,Edad fuera del rango permitido: 100 (rango permitido 18-99),"132,Alice Brown,12000,100,hipoteca"
568,transacciones.csv,447,OMITIDO,Tipo fuera del catalogo permitido: 'invalid',"446,2024-07-11,700,invalid"
569,intereses.csv,369,OMITIDO,Tipo fuera del catalogo permitido: '-1',"107,Bob Johnson,8000,45,-1"
570,transacciones.csv,449,OMITIDO,Monto vacio o no numerico: '',"448,08-06-2024,,debito"
571,intereses.csv,370,OMITIDO,Edad fuera del rango permitido: 100 (rango permitido 18-99),"118,Charlie Green,5000,100,hipoteca"
572,transacciones.csv,452,OMITIDO,Tipo fuera del catalogo permitido: 'invalid',"451,02/07/2024,700,invalid"
573,intereses.csv,371,OMITIDO,Saldo vacio o no numerico: '',"149,Steve Rogers,,150,prestamo"
574,transacciones.csv,454,OMITIDO,Fecha ilegible o inexistente: 2024-13-01,"453,2024-13-01,800,invalid"
575,intereses.csv,373,OMITIDO,Edad fuera del rango permitido: '',"128,Diana Prince,7000,,hipoteca"
576,transacciones.csv,456,OMITIDO,Tipo fuera del catalogo permitido: 'invalid',"455,29/02/2024,800,invalid"
577,intereses.csv,375,OMITIDO,Tipo fuera del catalogo permitido: '-1',"127,Charlie Green,7000,30,-1"
578,transacciones.csv,457,OMITIDO,Tipo fuera del catalogo permitido: 'invalid',"456,18-10-2024,1200,invalid"
579,intereses.csv,377,OMITIDO,Tipo fuera del catalogo permitido: '-1',"120,Jane Smith,5000,150,-1"
580,transacciones.csv,461,OMITIDO,Tipo fuera del catalogo permitido: 'invalid',"460,21-08-2024,0,invalid"
581,intereses.csv,378,OMITIDO,Tipo fuera del catalogo permitido: 'unknown',"146,John Doe,,45,unknown"
582,transacciones.csv,462,OMITIDO,Fecha ilegible o inexistente: 2024-13-01,"461,2024-13-01,700,invalid"
583,intereses.csv,379,OMITIDO,Edad fuera del rango permitido: 100 (rango permitido 18-99),"132,Bob Johnson,8000,100,prestamo"
584,transacciones.csv,463,OMITIDO,Fecha ilegible o inexistente: 2024-13-01,"462,2024-13-01,1500,invalid"
585,intereses.csv,380,OMITIDO,Tipo fuera del catalogo permitido: '-1',"112,Jane Smith,,100,-1"
586,transacciones.csv,467,OMITIDO,Monto vacio o no numerico: '',"466,2024/11/30,,credito"
587,intereses.csv,381,OMITIDO,Tipo fuera del catalogo permitido: '-1',"129,Steve Rogers,7000,150,-1"
588,transacciones.csv,470,OMITIDO,Tipo fuera del catalogo permitido: 'invalid',"469,2024/12/03,1000,invalid"
589,intereses.csv,382,OMITIDO,Edad fuera del rango permitido: '',"136,Bob Johnson,10000,,hipoteca"
590,transacciones.csv,471,OMITIDO,Monto vacio o no numerico: '',"470,2024/09/19,,debito"
591,intereses.csv,383,OMITIDO,Edad fuera del rango permitido: 100 (rango permitido 18-99),"134,Diana Prince,12000,100,ahorro"
592,transacciones.csv,472,OMITIDO,Tipo fuera del catalogo permitido: 'desconocido',"471,04/12/2024,1000,desconocido"
593,intereses.csv,384,OMITIDO,Tipo fuera del catalogo permitido: '-1',"105,Jane Smith,10000,25,-1"
594,transacciones.csv,473,OMITIDO,Fecha ilegible o inexistente: 2024-13-01,"472,2024-13-01,,invalid"
595,intereses.csv,385,OMITIDO,Saldo vacio o no numerico: '',"112,Bob Johnson,,25,ahorro"
596,transacciones.csv,474,OMITIDO,Tipo fuera del catalogo permitido: 'invalid',"473,15/08/2024,700,invalid"
597,intereses.csv,387,OMITIDO,Tipo fuera del catalogo permitido: '-1',"111,Steve Rogers,10000,,-1"
598,transacciones.csv,475,OMITIDO,Fecha ilegible o inexistente: 2024-13-01,"474,2024-13-01,1200,invalid"
599,intereses.csv,392,OMITIDO,Tipo fuera del catalogo permitido: '-1',"120,Bob Johnson,5000,45,-1"
600,transacciones.csv,476,OMITIDO,Tipo fuera del catalogo permitido: 'invalid',"475,2024/12/28,0,invalid"
601,intereses.csv,393,OMITIDO,Edad fuera del rango permitido: '',"133,John Doe,10000,,hipoteca"
602,transacciones.csv,477,OMITIDO,Monto vacio o no numerico: '',"476,2024/07/06,,invalid"
603,intereses.csv,395,OMITIDO,Tipo fuera del catalogo permitido: '-1',"114,Steve Rogers,10000,100,-1"
604,transacciones.csv,480,OMITIDO,Monto vacio o no numerico: '',"479,07-12-2024,,invalid"
605,intereses.csv,396,OMITIDO,Tipo fuera del catalogo permitido: '-1',"132,Diana Prince,7000,,-1"
606,transacciones.csv,483,OMITIDO,Tipo fuera del catalogo permitido: 'invalid',"482,2024-02-04,800,invalid"
607,intereses.csv,397,OMITIDO,Tipo fuera del catalogo permitido: '-1',"147,Unknown,5000,45,-1"
608,transacciones.csv,486,OMITIDO,Tipo fuera del catalogo permitido: 'desconocido',"485,17-11-2024,1000,desconocido"
609,intereses.csv,398,OMITIDO,Saldo vacio o no numerico: '',"104,Steve Rogers,,,hipoteca"
610,transacciones.csv,487,OMITIDO,Tipo fuera del catalogo permitido: 'invalid',"486,17-09-2024,800,invalid"
611,intereses.csv,399,OMITIDO,Saldo vacio o no numerico: '',"108,Alice Brown,,100,prestamo"
612,transacciones.csv,489,OMITIDO,Monto vacio o no numerico: '',"488,11/12/2024,,debito"
613,intereses.csv,400,OMITIDO,Tipo fuera del catalogo permitido: '-1',"126,Unknown,12000,25,-1"
614,transacciones.csv,491,OMITIDO,Tipo fuera del catalogo permitido: 'invalid',"490,26/07/2024,700,invalid"
615,transacciones.csv,492,OMITIDO,Monto vacio o no numerico: '',"491,2024/03/31,,credito"
616,transacciones.csv,493,OMITIDO,Tipo fuera del catalogo permitido: 'invalid',"492,2024/11/07,-200,invalid"
617,transacciones.csv,494,OMITIDO,Tipo fuera del catalogo permitido: 'invalid',"493,2024-08-29,0,invalid"
618,transacciones.csv,497,OMITIDO,Monto vacio o no numerico: '',"496,2024/09/14,,invalid"
619,transacciones.csv,498,OMITIDO,Tipo fuera del catalogo permitido: 'desconocido',"497,2024/04/20,-200,desconocido"
620,transacciones.csv,499,OMITIDO,Fecha ilegible o inexistente: 2024-13-01,"498,2024-13-01,1500,invalid"
621,intereses.csv,440,FILTRADO,"Registro duplicado, ya procesado en esta ejecucion: fila identica","110,Alice Brown,7000,,-1"
622,transacciones.csv,501,OMITIDO,Monto vacio o no numerico: '',"500,2024/04/24,,invalid"
623,intereses.csv,480,FILTRADO,"Registro duplicado, ya procesado en esta ejecucion: fila identica","108,John Doe,8000,45,prestamo"
624,intereses.csv,402,OMITIDO,Tipo fuera del catalogo permitido: '-1',"110,John Doe,8000,25,-1"
625,intereses.csv,403,OMITIDO,Edad fuera del rango permitido: 150 (rango permitido 18-99),"116,Steve Rogers,7000,150,hipoteca"
626,intereses.csv,404,OMITIDO,Tipo fuera del catalogo permitido: '-1',"107,John Doe,7000,25,-1"
627,intereses.csv,407,OMITIDO,Tipo fuera del catalogo permitido: '-1',"134,Diana Prince,10000,40,-1"
628,intereses.csv,410,OMITIDO,Saldo vacio o no numerico: '',"103,John Doe,,45,hipoteca"
629,intereses.csv,411,OMITIDO,Tipo fuera del catalogo permitido: 'unknown',"117,Alice Brown,10000,100,unknown"
630,intereses.csv,412,OMITIDO,Tipo fuera del catalogo permitido: '-1',"106,Diana Prince,8000,25,-1"
631,intereses.csv,413,OMITIDO,Tipo fuera del catalogo permitido: '-1',"128,Jane Smith,8000,30,-1"
632,intereses.csv,414,OMITIDO,Tipo fuera del catalogo permitido: 'unknown',"103,Jane Smith,7000,25,unknown"
633,intereses.csv,415,OMITIDO,Edad fuera del rango permitido: '',"120,Jane Smith,5000,,ahorro"
634,transacciones.csv,502,OMITIDO,Monto vacio o no numerico: '',"501,2024-03-24,,credito"
635,intereses.csv,416,OMITIDO,Saldo vacio o no numerico: '',"109,Alice Brown,,150,hipoteca"
636,transacciones.csv,504,OMITIDO,Tipo fuera del catalogo permitido: 'invalid',"503,14-02-2024,1500,invalid"
637,intereses.csv,417,OMITIDO,Edad fuera del rango permitido: '',"135,Charlie Green,12000,,prestamo"
638,transacciones.csv,507,OMITIDO,Tipo fuera del catalogo permitido: 'invalid',"506,2024-06-10,-200,invalid"
639,intereses.csv,418,OMITIDO,Saldo vacio o no numerico: '',"129,Diana Prince,,30,hipoteca"
640,transacciones.csv,508,OMITIDO,Tipo fuera del catalogo permitido: 'invalid',"507,05-04-2024,0,invalid"
641,intereses.csv,419,OMITIDO,Saldo vacio o no numerico: '',"130,John Doe,,40,ahorro"
642,transacciones.csv,512,OMITIDO,Tipo fuera del catalogo permitido: 'invalid',"511,22/02/2024,-200,invalid"
643,intereses.csv,422,OMITIDO,Edad fuera del rango permitido: '',"144,Steve Rogers,10000,,prestamo"
644,transacciones.csv,514,OMITIDO,Tipo fuera del catalogo permitido: 'desconocido',"513,2024/01/10,3000,desconocido"
645,intereses.csv,423,OMITIDO,Saldo vacio o no numerico: '',"120,Jane Smith,,25,prestamo"
646,transacciones.csv,515,OMITIDO,Tipo fuera del catalogo permitido: 'invalid',"514,20/10/2024,-200,invalid"
647,intereses.csv,425,OMITIDO,Saldo vacio o no numerico: '',"102,Jane Smith,,150,hipoteca"
648,transacciones.csv,517,OMITIDO,Tipo fuera del catalogo permitido: 'desconocido',"516,21/08/2024,-200,desconocido"
649,intereses.csv,426,OMITIDO,Saldo vacio o no numerico: '',"145,Alice Brown,,100,hipoteca"
650,transacciones.csv,518,OMITIDO,Monto vacio o no numerico: '',"517,17/04/2024,,debito"
651,intereses.csv,431,OMITIDO,Tipo fuera del catalogo permitido: '-1',"137,Jane Smith,8000,,-1"
652,transacciones.csv,519,OMITIDO,Monto vacio o no numerico: '',"518,02/03/2024,,invalid"
653,intereses.csv,432,OMITIDO,Tipo fuera del catalogo permitido: '-1',"130,Alice Brown,,25,-1"
654,transacciones.csv,520,OMITIDO,Tipo fuera del catalogo permitido: 'invalid',"519,24-08-2024,-200,invalid"
655,intereses.csv,433,OMITIDO,Tipo fuera del catalogo permitido: 'unknown',"116,Alice Brown,12000,40,unknown"
656,transacciones.csv,523,OMITIDO,Tipo fuera del catalogo permitido: 'invalid',"522,2024-06-12,1500,invalid"
657,intereses.csv,435,OMITIDO,Saldo vacio o no numerico: '',"126,Bob Johnson,,,ahorro"
658,transacciones.csv,524,OMITIDO,Tipo fuera del catalogo permitido: 'invalid',"523,2024/02/03,1000,invalid"
659,intereses.csv,436,OMITIDO,Tipo fuera del catalogo permitido: '-1',"129,Jane Smith,10000,,-1"
660,transacciones.csv,525,OMITIDO,Tipo fuera del catalogo permitido: 'invalid',"524,2024-11-12,1200,invalid"
661,intereses.csv,437,OMITIDO,Tipo fuera del catalogo permitido: '-1',"138,Unknown,10000,30,-1"
662,transacciones.csv,526,OMITIDO,Fecha ilegible o inexistente: 2024-13-01,"525,2024-13-01,700,invalid"
663,intereses.csv,438,OMITIDO,Edad fuera del rango permitido: 100 (rango permitido 18-99),"148,Unknown,5000,100,ahorro"
664,transacciones.csv,527,OMITIDO,Tipo fuera del catalogo permitido: 'invalid',"526,26/03/2024,700,invalid"
665,intereses.csv,439,OMITIDO,Edad fuera del rango permitido: '',"124,Steve Rogers,7000,,hipoteca"
666,transacciones.csv,529,OMITIDO,Tipo fuera del catalogo permitido: 'invalid',"528,13/06/2024,3000,invalid"
667,intereses.csv,441,OMITIDO,Tipo fuera del catalogo permitido: '-1',"139,Jane Smith,,100,-1"
668,transacciones.csv,531,OMITIDO,Tipo fuera del catalogo permitido: 'invalid',"530,2024/07/10,700,invalid"
669,intereses.csv,442,OMITIDO,Edad fuera del rango permitido: 100 (rango permitido 18-99),"107,Alice Brown,7000,100,prestamo"
670,transacciones.csv,535,OMITIDO,Tipo fuera del catalogo permitido: 'invalid',"534,2024-05-15,3000,invalid"
671,intereses.csv,443,OMITIDO,Tipo fuera del catalogo permitido: '-1',"142,Steve Rogers,7000,30,-1"
672,transacciones.csv,536,OMITIDO,Tipo fuera del catalogo permitido: 'desconocido',"535,19-10-2024,1000,desconocido"
673,intereses.csv,444,OMITIDO,Saldo vacio o no numerico: '',"113,John Doe,,30,prestamo"
674,transacciones.csv,538,OMITIDO,Monto vacio o no numerico: '',"537,2024/08/25,,credito"
675,intereses.csv,445,OMITIDO,Tipo fuera del catalogo permitido: '-1',"107,Alice Brown,10000,40,-1"
676,transacciones.csv,543,OMITIDO,Monto vacio o no numerico: '',"542,07/01/2024,,debito"
677,intereses.csv,446,OMITIDO,Edad fuera del rango permitido: '',"140,Charlie Green,5000,,prestamo"
678,transacciones.csv,544,OMITIDO,Fecha ilegible o inexistente: 2024-13-01,"543,2024-13-01,1500,invalid"
679,intereses.csv,447,OMITIDO,Tipo fuera del catalogo permitido: '-1',"113,Alice Brown,7000,150,-1"
680,transacciones.csv,550,OMITIDO,Monto vacio o no numerico: '',"549,05/11/2024,,credito"
681,intereses.csv,448,OMITIDO,Tipo fuera del catalogo permitido: '-1',"114,Bob Johnson,7000,,-1"
682,transacciones.csv,552,OMITIDO,Monto vacio o no numerico: '',"551,11-03-2024,,credito"
683,intereses.csv,449,OMITIDO,Edad fuera del rango permitido: 150 (rango permitido 18-99),"102,Bob Johnson,5000,150,hipoteca"
684,transacciones.csv,553,OMITIDO,Tipo fuera del catalogo permitido: 'invalid',"552,2024-06-01,800,invalid"
685,intereses.csv,451,OMITIDO,Tipo fuera del catalogo permitido: '-1',"143,Charlie Green,,45,-1"
686,transacciones.csv,558,OMITIDO,Monto vacio o no numerico: '',"557,06/09/2024,,debito"
687,intereses.csv,452,OMITIDO,Tipo fuera del catalogo permitido: '-1',"103,Jane Smith,10000,100,-1"
688,transacciones.csv,559,OMITIDO,Tipo fuera del catalogo permitido: 'invalid',"558,2024-10-21,700,invalid"
689,intereses.csv,453,OMITIDO,Edad fuera del rango permitido: '',"107,Alice Brown,7000,,hipoteca"
690,transacciones.csv,560,OMITIDO,Tipo fuera del catalogo permitido: 'desconocido',"559,2024-12-26,-200,desconocido"
691,intereses.csv,455,OMITIDO,Saldo vacio o no numerico: '',"107,Bob Johnson,,35,hipoteca"
692,transacciones.csv,561,OMITIDO,Fecha ilegible o inexistente: 2024-13-01,"560,2024-13-01,-200,credito"
693,intereses.csv,456,OMITIDO,Saldo vacio o no numerico: '',"142,Steve Rogers,,25,ahorro"
694,transacciones.csv,562,OMITIDO,Tipo fuera del catalogo permitido: 'invalid',"561,2024-01-05,1500,invalid"
695,intereses.csv,457,OMITIDO,Edad fuera del rango permitido: '',"148,Charlie Green,8000,,ahorro"
696,transacciones.csv,566,OMITIDO,Monto vacio o no numerico: '',"565,2024/11/11,,invalid"
697,intereses.csv,458,OMITIDO,Tipo fuera del catalogo permitido: 'unknown',"144,Bob Johnson,10000,,unknown"
698,transacciones.csv,570,OMITIDO,Tipo fuera del catalogo permitido: 'desconocido',"569,05-06-2024,1200,desconocido"
699,intereses.csv,460,OMITIDO,Tipo fuera del catalogo permitido: 'unknown',"114,Steve Rogers,10000,,unknown"
700,transacciones.csv,571,OMITIDO,Tipo fuera del catalogo permitido: 'desconocido',"570,2024-03-20,1200,desconocido"
701,intereses.csv,461,OMITIDO,Edad fuera del rango permitido: '',"103,Jane Smith,5000,,ahorro"
702,transacciones.csv,577,OMITIDO,Tipo fuera del catalogo permitido: 'invalid',"576,11/04/2024,1000,invalid"
703,intereses.csv,462,OMITIDO,Tipo fuera del catalogo permitido: '-1',"150,Diana Prince,10000,25,-1"
704,transacciones.csv,579,OMITIDO,Tipo fuera del catalogo permitido: 'invalid',"578,05-12-2024,-200,invalid"
705,intereses.csv,463,OMITIDO,Tipo fuera del catalogo permitido: '-1',"125,John Doe,,25,-1"
706,transacciones.csv,580,OMITIDO,Monto vacio o no numerico: '',"579,2024-05-01,,invalid"
707,intereses.csv,464,OMITIDO,Edad fuera del rango permitido: 150 (rango permitido 18-99),"150,Jane Smith,8000,150,hipoteca"
708,transacciones.csv,581,OMITIDO,Tipo fuera del catalogo permitido: 'invalid',"580,2024/11/28,700,invalid"
709,intereses.csv,465,OMITIDO,Tipo fuera del catalogo permitido: 'unknown',"123,John Doe,5000,35,unknown"
710,transacciones.csv,583,OMITIDO,Tipo fuera del catalogo permitido: 'invalid',"582,20/03/2024,1500,invalid"
711,intereses.csv,467,OMITIDO,Tipo fuera del catalogo permitido: '-1',"138,Bob Johnson,10000,30,-1"
712,transacciones.csv,584,OMITIDO,Tipo fuera del catalogo permitido: 'invalid',"583,22-02-2024,3000,invalid"
713,intereses.csv,471,OMITIDO,Edad fuera del rango permitido: 150 (rango permitido 18-99),"137,Jane Smith,7000,150,ahorro"
714,transacciones.csv,585,OMITIDO,Tipo fuera del catalogo permitido: 'invalid',"584,09/01/2024,700,invalid"
715,intereses.csv,472,OMITIDO,Tipo fuera del catalogo permitido: '-1',"103,Diana Prince,10000,100,-1"
716,transacciones.csv,595,OMITIDO,Monto vacio o no numerico: '',"594,2024-12-17,,debito"
717,intereses.csv,474,OMITIDO,Tipo fuera del catalogo permitido: '-1',"145,Steve Rogers,,100,-1"
718,transacciones.csv,596,OMITIDO,Fecha ilegible o inexistente: 2024-13-01,"595,2024-13-01,1000,debito"
719,intereses.csv,475,OMITIDO,Tipo fuera del catalogo permitido: 'unknown',"138,John Doe,10000,25,unknown"
720,transacciones.csv,597,OMITIDO,Tipo fuera del catalogo permitido: 'invalid',"596,2024-09-27,700,invalid"
721,intereses.csv,476,OMITIDO,Edad fuera del rango permitido: '',"117,Diana Prince,12000,,hipoteca"
722,transacciones.csv,599,OMITIDO,Monto vacio o no numerico: '',"598,06-04-2024,,credito"
723,intereses.csv,477,OMITIDO,Tipo fuera del catalogo permitido: '-1',"131,Bob Johnson,10000,,-1"
724,transacciones.csv,600,OMITIDO,Fecha ilegible o inexistente: 2024-13-01,"599,2024-13-01,700,debito"
725,intereses.csv,478,OMITIDO,Edad fuera del rango permitido: '',"132,Unknown,12000,,prestamo"
726,transacciones.csv,601,OMITIDO,Tipo fuera del catalogo permitido: 'invalid',"600,09/02/2024,1500,invalid"
727,intereses.csv,479,OMITIDO,Tipo fuera del catalogo permitido: '-1',"146,Bob Johnson,,30,-1"
728,intereses.csv,481,OMITIDO,Tipo fuera del catalogo permitido: 'unknown',"112,Jane Smith,5000,40,unknown"
729,intereses.csv,482,OMITIDO,Tipo fuera del catalogo permitido: 'unknown',"119,Steve Rogers,5000,45,unknown"
730,intereses.csv,483,OMITIDO,Tipo fuera del catalogo permitido: '-1',"137,Alice Brown,8000,,-1"
731,intereses.csv,484,OMITIDO,Tipo fuera del catalogo permitido: 'unknown',"127,Charlie Green,7000,30,unknown"
732,intereses.csv,485,OMITIDO,Tipo fuera del catalogo permitido: '-1',"109,Unknown,,25,-1"
733,intereses.csv,486,OMITIDO,Saldo vacio o no numerico: '',"118,John Doe,,40,hipoteca"
734,intereses.csv,487,OMITIDO,Saldo vacio o no numerico: '',"121,John Doe,,25,ahorro"
735,intereses.csv,489,OMITIDO,Edad fuera del rango permitido: '',"119,John Doe,8000,,ahorro"
736,intereses.csv,491,OMITIDO,Edad fuera del rango permitido: '',"122,Diana Prince,7000,,ahorro"
737,intereses.csv,492,OMITIDO,Edad fuera del rango permitido: '',"113,John Doe,12000,,ahorro"
738,intereses.csv,493,OMITIDO,Tipo fuera del catalogo permitido: '-1',"131,Bob Johnson,7000,35,-1"
739,intereses.csv,494,OMITIDO,Saldo vacio o no numerico: '',"111,Steve Rogers,,,hipoteca"
740,intereses.csv,495,OMITIDO,Saldo vacio o no numerico: '',"114,Diana Prince,,,ahorro"
741,intereses.csv,496,OMITIDO,Tipo fuera del catalogo permitido: 'unknown',"139,Charlie Green,5000,35,unknown"
742,intereses.csv,499,OMITIDO,Edad fuera del rango permitido: '',"103,John Doe,5000,,prestamo"
743,intereses.csv,500,OMITIDO,Tipo fuera del catalogo permitido: 'unknown',"108,Alice Brown,5000,30,unknown"
744,transacciones.csv,602,OMITIDO,Tipo fuera del catalogo permitido: 'invalid',"601,2024-11-16,1200,invalid"
745,transacciones.csv,604,OMITIDO,Fecha ilegible o inexistente: 2024-13-01,"603,2024-13-01,-200,credito"
746,transacciones.csv,606,OMITIDO,Monto vacio o no numerico: '',"605,2024/07/30,,invalid"
747,transacciones.csv,607,OMITIDO,Tipo fuera del catalogo permitido: 'desconocido',"606,16-05-2024,1000,desconocido"
748,transacciones.csv,611,OMITIDO,Fecha ilegible o inexistente: 2024-13-01,"610,2024-13-01,,debito"
749,transacciones.csv,612,OMITIDO,Monto vacio o no numerico: '',"611,2024-11-24,,debito"
750,transacciones.csv,615,OMITIDO,Monto vacio o no numerico: '',"614,2024-01-05,,debito"
751,transacciones.csv,616,OMITIDO,Tipo fuera del catalogo permitido: 'invalid',"615,2024-11-25,1500,invalid"
752,transacciones.csv,617,OMITIDO,Tipo fuera del catalogo permitido: 'invalid',"616,2024-08-03,500,invalid"
753,intereses.csv,504,OMITIDO,Tipo fuera del catalogo permitido: '-1',"143,Charlie Green,10000,35,-1"
754,transacciones.csv,618,OMITIDO,Tipo fuera del catalogo permitido: 'invalid',"617,17/09/2024,-200,invalid"
755,transacciones.csv,623,OMITIDO,Tipo fuera del catalogo permitido: 'invalid',"622,2024-07-08,700,invalid"
756,intereses.csv,505,OMITIDO,Tipo fuera del catalogo permitido: '-1',"137,Bob Johnson,5000,40,-1"
757,transacciones.csv,626,OMITIDO,Monto vacio o no numerico: '',"625,2024-05-15,,debito"
758,intereses.csv,506,OMITIDO,Edad fuera del rango permitido: '',"124,John Doe,7000,,hipoteca"
759,transacciones.csv,627,OMITIDO,Monto vacio o no numerico: '',"626,2024/04/12,,invalid"
760,intereses.csv,512,OMITIDO,Saldo vacio o no numerico: '',"128,Diana Prince,,35,hipoteca"
761,transacciones.csv,629,OMITIDO,Monto vacio o no numerico: '',"628,28-06-2024,,invalid"
762,intereses.csv,513,OMITIDO,Saldo vacio o no numerico: '',"133,Alice Brown,,,hipoteca"
763,transacciones.csv,630,OMITIDO,Tipo fuera del catalogo permitido: 'invalid',"629,26/12/2024,-200,invalid"
764,intereses.csv,517,OMITIDO,Tipo fuera del catalogo permitido: 'unknown',"143,Diana Prince,,35,unknown"
765,transacciones.csv,631,OMITIDO,Tipo fuera del catalogo permitido: 'desconocido',"630,20/10/2024,1500,desconocido"
766,intereses.csv,518,OMITIDO,Saldo vacio o no numerico: '',"116,Diana Prince,,30,hipoteca"
767,transacciones.csv,633,OMITIDO,Tipo fuera del catalogo permitido: 'invalid',"632,2024/02/11,800,invalid"
768,intereses.csv,521,OMITIDO,Edad fuera del rango permitido: '',"107,Alice Brown,10000,,hipoteca"
769,transacciones.csv,636,OMITIDO,Fecha ilegible o inexistente: 2024-13-01,"635,2024-13-01,1500,credito"
770,intereses.csv,525,OMITIDO,Saldo vacio o no numerico: '',"111,John Doe,,,ahorro"
771,transacciones.csv,638,OMITIDO,Tipo fuera del catalogo permitido: 'desconocido',"637,2024-07-01,700,desconocido"
772,intereses.csv,526,OMITIDO,Tipo fuera del catalogo permitido: '-1',"121,Steve Rogers,12000,30,-1"
773,transacciones.csv,639,OMITIDO,Tipo fuera del catalogo permitido: 'invalid',"638,20-11-2024,-200,invalid"
774,intereses.csv,528,OMITIDO,Tipo fuera del catalogo permitido: '-1',"116,Bob Johnson,,45,-1"
775,transacciones.csv,644,OMITIDO,Monto vacio o no numerico: '',"643,27-06-2024,,invalid"
776,intereses.csv,530,OMITIDO,Saldo vacio o no numerico: '',"133,John Doe,,25,ahorro"
777,transacciones.csv,645,OMITIDO,Monto vacio o no numerico: '',"644,18/05/2024,,invalid"
778,intereses.csv,533,OMITIDO,Tipo fuera del catalogo permitido: '-1',"127,Diana Prince,7000,40,-1"
779,transacciones.csv,646,OMITIDO,Monto vacio o no numerico: '',"645,26/08/2024,,invalid"
780,intereses.csv,535,OMITIDO,Tipo fuera del catalogo permitido: '-1',"115,Jane Smith,12000,45,-1"
781,transacciones.csv,649,OMITIDO,Tipo fuera del catalogo permitido: 'invalid',"648,2024-02-21,700,invalid"
782,intereses.csv,537,OMITIDO,Saldo vacio o no numerico: '',"109,Diana Prince,,,hipoteca"
783,transacciones.csv,652,OMITIDO,Fecha ilegible o inexistente: 2024-13-01,"651,2024-13-01,,invalid"
784,intereses.csv,539,OMITIDO,Tipo fuera del catalogo permitido: '-1',"135,John Doe,10000,,-1"
785,transacciones.csv,658,OMITIDO,Tipo fuera del catalogo permitido: 'invalid',"657,30-04-2024,1000,invalid"
786,intereses.csv,541,OMITIDO,Saldo vacio o no numerico: '',"110,Steve Rogers,,,hipoteca"
787,transacciones.csv,659,OMITIDO,Tipo fuera del catalogo permitido: 'invalid',"658,14-10-2024,1200,invalid"
788,intereses.csv,542,OMITIDO,Edad fuera del rango permitido: '',"112,Jane Smith,10000,,ahorro"
789,transacciones.csv,661,OMITIDO,Tipo fuera del catalogo permitido: 'invalid',"660,2024-07-17,-200,invalid"
790,intereses.csv,543,OMITIDO,Tipo fuera del catalogo permitido: '-1',"132,Bob Johnson,10000,100,-1"
791,transacciones.csv,664,OMITIDO,Monto vacio o no numerico: '',"663,25-02-2024,,invalid"
792,intereses.csv,544,OMITIDO,Tipo fuera del catalogo permitido: '-1',"104,Jane Smith,8000,,-1"
793,transacciones.csv,665,OMITIDO,Tipo fuera del catalogo permitido: 'desconocido',"664,2024-02-17,800,desconocido"
794,intereses.csv,545,OMITIDO,Saldo vacio o no numerico: '',"120,Steve Rogers,,30,prestamo"
795,transacciones.csv,666,OMITIDO,Tipo fuera del catalogo permitido: 'invalid',"665,2024-04-13,800,invalid"
796,intereses.csv,546,OMITIDO,Edad fuera del rango permitido: '',"126,Alice Brown,8000,,prestamo"
797,transacciones.csv,667,OMITIDO,Monto vacio o no numerico: '',"666,2024/04/25,,debito"
798,intereses.csv,547,OMITIDO,Tipo fuera del catalogo permitido: '-1',"124,Steve Rogers,,45,-1"
799,transacciones.csv,669,OMITIDO,Monto vacio o no numerico: '',"668,2024-02-21,,credito"
800,intereses.csv,548,OMITIDO,Edad fuera del rango permitido: 150 (rango permitido 18-99),"127,Charlie Green,5000,150,ahorro"
801,transacciones.csv,672,OMITIDO,Tipo fuera del catalogo permitido: 'desconocido',"671,17-05-2024,800,desconocido"
802,intereses.csv,550,OMITIDO,Tipo fuera del catalogo permitido: '-1',"131,Jane Smith,10000,40,-1"
803,transacciones.csv,673,OMITIDO,Fecha ilegible o inexistente: 2024-13-01,"672,2024-13-01,-200,credito"
804,intereses.csv,552,OMITIDO,Tipo fuera del catalogo permitido: '-1',"134,John Doe,8000,40,-1"
805,transacciones.csv,675,OMITIDO,Tipo fuera del catalogo permitido: 'desconocido',"674,08/10/2024,3000,desconocido"
806,intereses.csv,553,OMITIDO,Tipo fuera del catalogo permitido: 'unknown',"114,Steve Rogers,,45,unknown"
807,transacciones.csv,676,OMITIDO,Tipo fuera del catalogo permitido: 'invalid',"675,10/11/2024,700,invalid"
808,intereses.csv,554,OMITIDO,Saldo vacio o no numerico: '',"111,Bob Johnson,,,prestamo"
809,transacciones.csv,677,OMITIDO,Monto vacio o no numerico: '',"676,07-08-2024,,debito"
810,intereses.csv,556,OMITIDO,Tipo fuera del catalogo permitido: '-1',"133,John Doe,10000,35,-1"
811,transacciones.csv,678,OMITIDO,Tipo fuera del catalogo permitido: 'invalid',"677,2024/09/02,700,invalid"
812,intereses.csv,557,OMITIDO,Edad fuera del rango permitido: 150 (rango permitido 18-99),"147,Charlie Green,10000,150,hipoteca"
813,transacciones.csv,679,OMITIDO,Tipo fuera del catalogo permitido: 'invalid',"678,26-08-2024,800,invalid"
814,intereses.csv,559,OMITIDO,Saldo vacio o no numerico: '',"104,Diana Prince,,30,ahorro"
815,transacciones.csv,680,OMITIDO,Monto vacio o no numerico: '',"679,19-04-2024,,credito"
816,intereses.csv,560,OMITIDO,Saldo vacio o no numerico: '',"115,Diana Prince,,,hipoteca"
817,transacciones.csv,681,OMITIDO,Fecha ilegible o inexistente: 2024-13-01,"680,2024-13-01,1500,debito"
818,intereses.csv,561,OMITIDO,Tipo fuera del catalogo permitido: '-1',"144,Bob Johnson,12000,35,-1"
819,transacciones.csv,682,OMITIDO,Fecha ilegible o inexistente: 2024-13-01,"681,2024-13-01,1000,credito"
820,intereses.csv,563,OMITIDO,Tipo fuera del catalogo permitido: '-1',"134,Charlie Green,12000,30,-1"
821,transacciones.csv,685,OMITIDO,Monto vacio o no numerico: '',"684,2024/11/04,,credito"
822,intereses.csv,565,OMITIDO,Edad fuera del rango permitido: 100 (rango permitido 18-99),"114,Steve Rogers,7000,100,ahorro"
823,transacciones.csv,686,OMITIDO,Tipo fuera del catalogo permitido: 'desconocido',"685,2024-12-20,1000,desconocido"
824,intereses.csv,568,OMITIDO,Tipo fuera del catalogo permitido: '-1',"117,Alice Brown,5000,25,-1"
825,transacciones.csv,687,OMITIDO,Tipo fuera del catalogo permitido: 'invalid',"686,2024/11/01,0,invalid"
826,intereses.csv,569,OMITIDO,Tipo fuera del catalogo permitido: '-1',"131,Charlie Green,10000,,-1"
827,transacciones.csv,688,OMITIDO,Monto vacio o no numerico: '',"687,12-12-2024,,debito"
828,intereses.csv,571,OMITIDO,Edad fuera del rango permitido: 100 (rango permitido 18-99),"109,Jane Smith,5000,100,hipoteca"
829,transacciones.csv,689,OMITIDO,Tipo fuera del catalogo permitido: 'desconocido',"688,2024/08/17,1000,desconocido"
830,intereses.csv,572,OMITIDO,Tipo fuera del catalogo permitido: '-1',"126,Alice Brown,8000,30,-1"
831,transacciones.csv,693,OMITIDO,Monto vacio o no numerico: '',"692,15-09-2024,,credito"
832,intereses.csv,574,OMITIDO,Saldo vacio o no numerico: '',"114,Diana Prince,,,prestamo"
833,transacciones.csv,694,OMITIDO,Monto vacio o no numerico: '',"693,2024/02/13,,credito"
834,intereses.csv,575,OMITIDO,Saldo vacio o no numerico: '',"139,Steve Rogers,,,ahorro"
835,transacciones.csv,696,OMITIDO,Tipo fuera del catalogo permitido: 'invalid',"695,2024/10/20,-200,invalid"
836,intereses.csv,576,OMITIDO,Tipo fuera del catalogo permitido: '-1',"149,Bob Johnson,12000,45,-1"
837,transacciones.csv,697,OMITIDO,Tipo fuera del catalogo permitido: 'invalid',"696,11-05-2024,700,invalid"
838,intereses.csv,577,OMITIDO,Edad fuera del rango permitido: '',"119,Steve Rogers,5000,,hipoteca"
839,transacciones.csv,698,OMITIDO,Tipo fuera del catalogo permitido: 'invalid',"697,2024-02-01,800,invalid"
840,intereses.csv,578,OMITIDO,Tipo fuera del catalogo permitido: '-1',"104,Steve Rogers,,45,-1"
841,transacciones.csv,699,OMITIDO,Tipo fuera del catalogo permitido: 'invalid',"698,29-09-2024,700,invalid"
842,intereses.csv,579,OMITIDO,Edad fuera del rango permitido: 150 (rango permitido 18-99),"128,John Doe,8000,150,prestamo"
843,transacciones.csv,700,OMITIDO,Tipo fuera del catalogo permitido: 'desconocido',"699,2024-12-10,800,desconocido"
844,intereses.csv,582,OMITIDO,Tipo fuera del catalogo permitido: 'unknown',"116,John Doe,12000,,unknown"
845,intereses.csv,583,OMITIDO,Saldo vacio o no numerico: '',"133,Steve Rogers,,150,ahorro"
846,intereses.csv,584,OMITIDO,Tipo fuera del catalogo permitido: '-1',"135,Bob Johnson,7000,40,-1"
847,intereses.csv,585,OMITIDO,Tipo fuera del catalogo permitido: 'unknown',"142,Jane Smith,8000,40,unknown"
848,intereses.csv,587,OMITIDO,Edad fuera del rango permitido: 150 (rango permitido 18-99),"118,Charlie Green,12000,150,prestamo"
849,intereses.csv,588,OMITIDO,Tipo fuera del catalogo permitido: '-1',"134,Alice Brown,,45,-1"
850,intereses.csv,589,OMITIDO,Edad fuera del rango permitido: 150 (rango permitido 18-99),"120,Charlie Green,7000,150,prestamo"
851,intereses.csv,590,OMITIDO,Edad fuera del rango permitido: '',"132,Alice Brown,12000,,ahorro"
852,intereses.csv,592,OMITIDO,Saldo vacio o no numerico: '',"143,Alice Brown,,35,prestamo"
853,intereses.csv,593,OMITIDO,Tipo fuera del catalogo permitido: '-1',"104,Steve Rogers,,40,-1"
854,intereses.csv,594,OMITIDO,Saldo vacio o no numerico: '',"141,Jane Smith,,40,prestamo"
855,intereses.csv,595,OMITIDO,Tipo fuera del catalogo permitido: '-1',"106,Alice Brown,5000,45,-1"
856,intereses.csv,597,OMITIDO,Edad fuera del rango permitido: 100 (rango permitido 18-99),"150,Bob Johnson,12000,100,ahorro"
857,intereses.csv,599,OMITIDO,Tipo fuera del catalogo permitido: '-1',"149,Charlie Green,12000,25,-1"
858,intereses.csv,600,OMITIDO,Tipo fuera del catalogo permitido: '-1',"112,Diana Prince,10000,,-1"
859,intereses.csv,601,OMITIDO,Saldo vacio o no numerico: '',"142,Bob Johnson,,100,hipoteca"
860,transacciones.csv,702,OMITIDO,Tipo fuera del catalogo permitido: 'desconocido',"701,01/02/2024,3000,desconocido"
861,transacciones.csv,703,OMITIDO,Fecha ilegible o inexistente: 2024-13-01,"702,2024-13-01,,debito"
862,transacciones.csv,704,OMITIDO,Tipo fuera del catalogo permitido: 'invalid',"703,2024-05-05,1500,invalid"
863,transacciones.csv,705,OMITIDO,Tipo fuera del catalogo permitido: 'invalid',"704,2024-02-19,800,invalid"
864,transacciones.csv,710,OMITIDO,Tipo fuera del catalogo permitido: 'invalid',"709,01/05/2024,1500,invalid"
865,intereses.csv,631,FILTRADO,"Registro duplicado, ya procesado en esta ejecucion: fila identica","115,Bob Johnson,8000,45,hipoteca"
866,transacciones.csv,712,OMITIDO,Monto vacio o no numerico: '',"711,2024/12/06,,invalid"
867,transacciones.csv,713,OMITIDO,Monto vacio o no numerico: '',"712,2024/09/11,,debito"
868,transacciones.csv,714,OMITIDO,Monto vacio o no numerico: '',"713,2024/07/12,,invalid"
869,transacciones.csv,715,OMITIDO,Tipo fuera del catalogo permitido: 'invalid',"714,21/06/2024,700,invalid"
870,transacciones.csv,716,OMITIDO,Tipo fuera del catalogo permitido: 'invalid',"715,2024/07/07,700,invalid"
871,transacciones.csv,717,OMITIDO,Fecha ilegible o inexistente: 2024-13-01,"716,2024-13-01,-200,debito"
872,transacciones.csv,718,OMITIDO,Tipo fuera del catalogo permitido: 'desconocido',"717,2024/03/22,1200,desconocido"
873,transacciones.csv,719,OMITIDO,Tipo fuera del catalogo permitido: 'invalid',"718,2024/08/25,700,invalid"
874,transacciones.csv,720,OMITIDO,Tipo fuera del catalogo permitido: 'invalid',"719,2024/09/04,1000,invalid"
875,intereses.csv,603,OMITIDO,Tipo fuera del catalogo permitido: '-1',"131,Steve Rogers,,30,-1"
876,transacciones.csv,721,OMITIDO,Tipo fuera del catalogo permitido: 'desconocido',"720,27-11-2024,1500,desconocido"
877,intereses.csv,604,OMITIDO,Tipo fuera del catalogo permitido: '-1',"102,John Doe,12000,,-1"
878,transacciones.csv,722,OMITIDO,Monto vacio o no numerico: '',"721,2024-05-25,,debito"
879,intereses.csv,606,OMITIDO,Tipo fuera del catalogo permitido: '-1',"137,Alice Brown,,25,-1"
880,transacciones.csv,723,OMITIDO,Fecha ilegible o inexistente: 2024-13-01,"722,2024-13-01,1200,credito"
881,intereses.csv,607,OMITIDO,Edad fuera del rango permitido: '',"143,Unknown,7000,,ahorro"
882,transacciones.csv,725,OMITIDO,Fecha ilegible o inexistente: 2024-13-01,"724,2024-13-01,1200,debito"
883,intereses.csv,609,OMITIDO,Edad fuera del rango permitido: 150 (rango permitido 18-99),"140,Steve Rogers,5000,150,prestamo"
884,transacciones.csv,726,OMITIDO,Tipo fuera del catalogo permitido: 'desconocido',"725,06/02/2024,1000,desconocido"
885,intereses.csv,610,OMITIDO,Tipo fuera del catalogo permitido: '-1',"124,Jane Smith,12000,45,-1"
886,transacciones.csv,729,OMITIDO,Tipo fuera del catalogo permitido: 'invalid',"728,09/12/2024,1500,invalid"
887,intereses.csv,614,OMITIDO,Edad fuera del rango permitido: '',"118,John Doe,12000,,hipoteca"
888,transacciones.csv,732,OMITIDO,Monto vacio o no numerico: '',"731,2024/09/04,,credito"
889,intereses.csv,615,OMITIDO,Edad fuera del rango permitido: 100 (rango permitido 18-99),"142,Jane Smith,8000,100,hipoteca"
890,transacciones.csv,734,OMITIDO,Tipo fuera del catalogo permitido: 'desconocido',"733,18-03-2024,1000,desconocido"
891,intereses.csv,616,OMITIDO,Tipo fuera del catalogo permitido: '-1',"114,Diana Prince,5000,25,-1"
892,transacciones.csv,737,OMITIDO,Tipo fuera del catalogo permitido: 'desconocido',"736,11-05-2024,1500,desconocido"
893,intereses.csv,617,OMITIDO,Tipo fuera del catalogo permitido: 'unknown',"104,Jane Smith,,25,unknown"
894,transacciones.csv,738,OMITIDO,Tipo fuera del catalogo permitido: 'invalid',"737,17/03/2024,800,invalid"
895,intereses.csv,618,OMITIDO,Tipo fuera del catalogo permitido: '-1',"130,Steve Rogers,,35,-1"
896,transacciones.csv,739,OMITIDO,Tipo fuera del catalogo permitido: 'invalid',"738,30/06/2024,3000,invalid"
897,intereses.csv,619,OMITIDO,Tipo fuera del catalogo permitido: 'unknown',"139,Alice Brown,12000,35,unknown"
898,transacciones.csv,740,OMITIDO,Tipo fuera del catalogo permitido: 'invalid',"739,2024-03-20,3000,invalid"
899,intereses.csv,621,OMITIDO,Saldo vacio o no numerico: '',"120,Jane Smith,,40,ahorro"
900,transacciones.csv,742,OMITIDO,Fecha ilegible o inexistente: 2024-13-01,"741,2024-13-01,1200,credito"
901,intereses.csv,622,OMITIDO,Edad fuera del rango permitido: '',"119,Unknown,5000,,ahorro"
902,transacciones.csv,743,OMITIDO,Tipo fuera del catalogo permitido: 'invalid',"742,14-05-2024,3000,invalid"
903,intereses.csv,623,OMITIDO,Tipo fuera del catalogo permitido: '-1',"128,Alice Brown,5000,40,-1"
904,transacciones.csv,746,OMITIDO,Monto vacio o no numerico: '',"745,2024/12/23,,invalid"
905,intereses.csv,625,OMITIDO,Saldo vacio o no numerico: '',"125,John Doe,,40,ahorro"
906,transacciones.csv,747,OMITIDO,Tipo fuera del catalogo permitido: 'invalid',"746,2024/06/08,1500,invalid"
907,intereses.csv,627,OMITIDO,Tipo fuera del catalogo permitido: '-1',"140,Diana Prince,7000,150,-1"
908,transacciones.csv,750,OMITIDO,Tipo fuera del catalogo permitido: 'invalid',"749,2024/06/20,1200,invalid"
909,intereses.csv,629,OMITIDO,Edad fuera del rango permitido: '',"138,Unknown,8000,,prestamo"
910,transacciones.csv,752,OMITIDO,Tipo fuera del catalogo permitido: 'invalid',"751,2024-11-13,3000,invalid"
911,intereses.csv,630,OMITIDO,Tipo fuera del catalogo permitido: '-1',"113,Diana Prince,8000,40,-1"
912,transacciones.csv,753,OMITIDO,Monto vacio o no numerico: '',"752,02-05-2024,,invalid"
913,intereses.csv,632,OMITIDO,Tipo fuera del catalogo permitido: '-1',"139,Jane Smith,,30,-1"
914,transacciones.csv,756,OMITIDO,Fecha ilegible o inexistente: 2024-13-01,"755,2024-13-01,1200,invalid"
915,intereses.csv,633,OMITIDO,Tipo fuera del catalogo permitido: 'unknown',"147,John Doe,8000,40,unknown"
916,transacciones.csv,759,OMITIDO,Tipo fuera del catalogo permitido: 'invalid',"758,2024-06-14,1200,invalid"
917,intereses.csv,634,OMITIDO,Saldo vacio o no numerico: '',"109,John Doe,,30,ahorro"
918,transacciones.csv,764,OMITIDO,Tipo fuera del catalogo permitido: 'invalid',"763,2024/07/23,3000,invalid"
919,intereses.csv,635,OMITIDO,Tipo fuera del catalogo permitido: '-1',"106,Bob Johnson,7000,100,-1"
920,transacciones.csv,766,OMITIDO,Monto vacio o no numerico: '',"765,2024-06-26,,credito"
921,intereses.csv,636,OMITIDO,Saldo vacio o no numerico: '',"140,Bob Johnson,,150,ahorro"
922,transacciones.csv,769,OMITIDO,Tipo fuera del catalogo permitido: 'invalid',"768,25/12/2024,700,invalid"
923,intereses.csv,637,OMITIDO,Tipo fuera del catalogo permitido: '-1',"137,Diana Prince,8000,,-1"
924,transacciones.csv,770,OMITIDO,Tipo fuera del catalogo permitido: 'invalid',"769,25-11-2024,-200,invalid"
925,intereses.csv,639,OMITIDO,Edad fuera del rango permitido: 150 (rango permitido 18-99),"127,John Doe,8000,150,prestamo"
926,transacciones.csv,772,OMITIDO,Monto vacio o no numerico: '',"771,24/12/2024,,debito"
927,intereses.csv,640,OMITIDO,Edad fuera del rango permitido: '',"116,Bob Johnson,12000,,prestamo"
928,transacciones.csv,773,OMITIDO,Tipo fuera del catalogo permitido: 'invalid',"772,05-09-2024,1500,invalid"
929,intereses.csv,641,OMITIDO,Saldo vacio o no numerico: '',"107,Jane Smith,,,hipoteca"
930,transacciones.csv,774,OMITIDO,Monto vacio o no numerico: '',"773,19/03/2024,,debito"
931,intereses.csv,642,OMITIDO,Saldo vacio o no numerico: '',"117,John Doe,,100,ahorro"
932,transacciones.csv,776,OMITIDO,Tipo fuera del catalogo permitido: 'invalid',"775,06-04-2024,-200,invalid"
933,intereses.csv,643,OMITIDO,Saldo vacio o no numerico: '',"118,John Doe,,100,hipoteca"
934,transacciones.csv,781,OMITIDO,Tipo fuera del catalogo permitido: 'desconocido',"780,2024-02-16,1200,desconocido"
935,intereses.csv,644,OMITIDO,Edad fuera del rango permitido: '',"129,Alice Brown,5000,,ahorro"
936,transacciones.csv,782,OMITIDO,Tipo fuera del catalogo permitido: 'invalid',"781,2024/01/12,700,invalid"
937,intereses.csv,646,OMITIDO,Edad fuera del rango permitido: '',"116,Charlie Green,12000,,ahorro"
938,transacciones.csv,783,OMITIDO,Monto vacio o no numerico: '',"782,18-11-2024,,credito"
939,intereses.csv,647,OMITIDO,Tipo fuera del catalogo permitido: '-1',"107,Diana Prince,10000,,-1"
940,transacciones.csv,785,OMITIDO,Monto vacio o no numerico: '',"784,2024-08-09,,credito"
941,intereses.csv,648,OMITIDO,Tipo fuera del catalogo permitido: '-1',"105,Alice Brown,5000,45,-1"
942,transacciones.csv,786,OMITIDO,Monto vacio o no numerico: '',"785,07-05-2024,,debito"
943,intereses.csv,651,OMITIDO,Tipo fuera del catalogo permitido: '-1',"137,Steve Rogers,7000,35,-1"
944,transacciones.csv,787,OMITIDO,Monto vacio o no numerico: '',"786,2024-08-25,,invalid"
945,intereses.csv,652,OMITIDO,Edad fuera del rango permitido: 100 (rango permitido 18-99),"138,John Doe,7000,100,ahorro"
946,transacciones.csv,789,OMITIDO,Monto vacio o no numerico: '',"788,31/10/2024,,debito"
947,intereses.csv,653,OMITIDO,Tipo fuera del catalogo permitido: '-1',"142,Bob Johnson,8000,35,-1"
948,transacciones.csv,793,OMITIDO,Tipo fuera del catalogo permitido: 'invalid',"792,2024-07-08,-200,invalid"
949,intereses.csv,654,OMITIDO,Tipo fuera del catalogo permitido: '-1',"136,Alice Brown,,45,-1"
950,transacciones.csv,794,OMITIDO,Tipo fuera del catalogo permitido: 'desconocido',"793,2024/12/04,1200,desconocido"
951,intereses.csv,655,OMITIDO,Tipo fuera del catalogo permitido: '-1',"104,Diana Prince,8000,30,-1"
952,transacciones.csv,795,OMITIDO,Monto vacio o no numerico: '',"794,30-12-2024,,credito"
953,intereses.csv,656,OMITIDO,Edad fuera del rango permitido: '',"138,Charlie Green,7000,,hipoteca"
954,transacciones.csv,797,OMITIDO,Tipo fuera del catalogo permitido: 'invalid',"796,2024/01/16,-200,invalid"
955,intereses.csv,659,OMITIDO,Edad fuera del rango permitido: '',"149,Alice Brown,10000,,prestamo"
956,transacciones.csv,800,OMITIDO,Fecha ilegible o inexistente: 2024-13-01,"799,2024-13-01,3000,debito"
957,intereses.csv,661,OMITIDO,Saldo vacio o no numerico: '',"109,Diana Prince,,30,ahorro"
958,transacciones.csv,801,OMITIDO,Tipo fuera del catalogo permitido: 'invalid',"800,2024/01/27,-100,invalid"
959,intereses.csv,662,OMITIDO,Tipo fuera del catalogo permitido: '-1',"116,Diana Prince,5000,45,-1"
960,intereses.csv,663,OMITIDO,Edad fuera del rango permitido: 100 (rango permitido 18-99),"119,John Doe,8000,100,hipoteca"
961,intereses.csv,667,OMITIDO,Edad fuera del rango permitido: '',"114,Alice Brown,5000,,ahorro"
962,intereses.csv,668,OMITIDO,Tipo fuera del catalogo permitido: '-1',"127,Alice Brown,,,-1"
963,intereses.csv,669,OMITIDO,Tipo fuera del catalogo permitido: '-1',"116,John Doe,10000,,-1"
964,intereses.csv,672,OMITIDO,Tipo fuera del catalogo permitido: 'unknown',"125,Diana Prince,5000,45,unknown"
965,intereses.csv,675,OMITIDO,Tipo fuera del catalogo permitido: 'unknown',"138,John Doe,10000,30,unknown"
966,intereses.csv,679,OMITIDO,Saldo vacio o no numerico: '',"148,Steve Rogers,,,prestamo"
967,intereses.csv,680,OMITIDO,Edad fuera del rango permitido: 100 (rango permitido 18-99),"141,Bob Johnson,10000,100,ahorro"
968,intereses.csv,681,OMITIDO,Saldo vacio o no numerico: '',"105,John Doe,,35,ahorro"
969,intereses.csv,682,OMITIDO,Saldo vacio o no numerico: '',"105,Diana Prince,,100,prestamo"
970,intereses.csv,683,OMITIDO,Tipo fuera del catalogo permitido: '-1',"103,Unknown,7000,40,-1"
971,intereses.csv,684,OMITIDO,Tipo fuera del catalogo permitido: '-1',"148,Steve Rogers,5000,150,-1"
972,intereses.csv,685,OMITIDO,Tipo fuera del catalogo permitido: '-1',"109,Diana Prince,7000,25,-1"
973,intereses.csv,689,OMITIDO,Edad fuera del rango permitido: '',"148,Steve Rogers,7000,,ahorro"
974,intereses.csv,690,OMITIDO,Tipo fuera del catalogo permitido: '-1',"144,Jane Smith,7000,25,-1"
975,intereses.csv,691,OMITIDO,Tipo fuera del catalogo permitido: '-1',"103,Bob Johnson,,100,-1"
976,intereses.csv,692,OMITIDO,Edad fuera del rango permitido: 150 (rango permitido 18-99),"114,Alice Brown,8000,150,prestamo"
977,transacciones.csv,802,OMITIDO,Monto vacio o no numerico: '',"801,14/01/2024,,invalid"
978,intereses.csv,693,OMITIDO,Edad fuera del rango permitido: '',"129,Steve Rogers,5000,,prestamo"
979,transacciones.csv,804,OMITIDO,Tipo fuera del catalogo permitido: 'desconocido',"803,12-02-2024,1200,desconocido"
980,intereses.csv,694,OMITIDO,Edad fuera del rango permitido: '',"123,Steve Rogers,12000,,hipoteca"
981,transacciones.csv,805,OMITIDO,Tipo fuera del catalogo permitido: 'invalid',"804,11/07/2024,-200,invalid"
982,intereses.csv,695,OMITIDO,Edad fuera del rango permitido: '',"107,Jane Smith,10000,,prestamo"
983,transacciones.csv,806,OMITIDO,Monto vacio o no numerico: '',"805,17-10-2024,,debito"
984,intereses.csv,696,OMITIDO,Tipo fuera del catalogo permitido: '-1',"134,Steve Rogers,,35,-1"
985,transacciones.csv,807,OMITIDO,Tipo fuera del catalogo permitido: 'invalid',"806,14/01/2024,-200,invalid"
986,intereses.csv,697,OMITIDO,Edad fuera del rango permitido: '',"113,Diana Prince,10000,,hipoteca"
987,transacciones.csv,810,OMITIDO,Tipo fuera del catalogo permitido: 'invalid',"809,2024-01-18,-200,invalid"
988,intereses.csv,699,OMITIDO,Edad fuera del rango permitido: 100 (rango permitido 18-99),"127,Diana Prince,5000,100,ahorro"
989,transacciones.csv,811,OMITIDO,Monto vacio o no numerico: '',"810,13/10/2024,,credito"
990,intereses.csv,700,OMITIDO,Saldo vacio o no numerico: '',"125,Diana Prince,,,prestamo"
991,transacciones.csv,813,OMITIDO,Monto vacio o no numerico: '',"812,20-05-2024,,invalid"
992,transacciones.csv,814,OMITIDO,Tipo fuera del catalogo permitido: 'invalid',"813,2024-03-17,1200,invalid"
993,transacciones.csv,816,OMITIDO,Monto vacio o no numerico: '',"815,2024/11/19,,debito"
994,transacciones.csv,817,OMITIDO,Monto vacio o no numerico: '',"816,2024/01/28,,invalid"
995,transacciones.csv,818,OMITIDO,Tipo fuera del catalogo permitido: 'invalid',"817,2024/07/10,3000,invalid"
996,transacciones.csv,820,OMITIDO,Tipo fuera del catalogo permitido: 'invalid',"819,13/06/2024,700,invalid"
997,transacciones.csv,822,OMITIDO,Monto vacio o no numerico: '',"821,2024-04-07,,debito"
998,transacciones.csv,826,OMITIDO,Tipo fuera del catalogo permitido: 'invalid',"825,2024-05-14,700,invalid"
999,intereses.csv,767,FILTRADO,"Registro duplicado, ya procesado en esta ejecucion: fila identica","109,Diana Prince,7000,25,-1"
1000,transacciones.csv,829,OMITIDO,Tipo fuera del catalogo permitido: 'invalid',"828,2024-05-23,1500,invalid"
1001,transacciones.csv,830,OMITIDO,Fecha ilegible o inexistente: 2024-13-01,"829,2024-13-01,3000,debito"
1002,transacciones.csv,836,OMITIDO,Fecha ilegible o inexistente: 2024-13-01,"835,2024-13-01,1500,credito"
1003,transacciones.csv,838,OMITIDO,Tipo fuera del catalogo permitido: 'invalid',"837,2024/07/10,1200,invalid"
1004,transacciones.csv,839,OMITIDO,Fecha ilegible o inexistente: 2024-13-01,"838,2024-13-01,,credito"
1005,transacciones.csv,842,OMITIDO,Tipo fuera del catalogo permitido: 'invalid',"841,2024/08/15,0,invalid"
1006,intereses.csv,705,OMITIDO,Tipo fuera del catalogo permitido: '-1',"106,Bob Johnson,5000,35,-1"
1007,transacciones.csv,846,OMITIDO,Tipo fuera del catalogo permitido: 'invalid',"845,31-08-2024,1500,invalid"
1008,intereses.csv,707,OMITIDO,Edad fuera del rango permitido: '',"134,Steve Rogers,8000,,hipoteca"
1009,transacciones.csv,847,OMITIDO,Monto vacio o no numerico: '',"846,2024-08-30,,credito"
1010,intereses.csv,708,OMITIDO,Edad fuera del rango permitido: '',"131,Bob Johnson,10000,,prestamo"
1011,transacciones.csv,852,OMITIDO,Monto vacio o no numerico: '',"851,23/03/2024,,credito"
1012,intereses.csv,709,OMITIDO,Tipo fuera del catalogo permitido: 'unknown',"131,John Doe,10000,100,unknown"
1013,transacciones.csv,853,OMITIDO,Fecha ilegible o inexistente: 2024-13-01,"852,2024-13-01,1000,invalid"
1014,intereses.csv,710,OMITIDO,Saldo vacio o no numerico: '',"129,Alice Brown,,30,prestamo"
1015,transacciones.csv,854,OMITIDO,Tipo fuera del catalogo permitido: 'desconocido',"853,03-07-2024,700,desconocido"
1016,intereses.csv,713,OMITIDO,Edad fuera del rango permitido: '',"125,Jane Smith,5000,,ahorro"
1017,transacciones.csv,859,OMITIDO,Monto vacio o no numerico: '',"858,12-11-2024,,credito"
1018,intereses.csv,714,OMITIDO,Tipo fuera del catalogo permitido: 'unknown',"124,Diana Prince,10000,45,unknown"
1019,transacciones.csv,861,OMITIDO,Tipo fuera del catalogo permitido: 'invalid',"860,2024/02/08,-200,invalid"
1020,intereses.csv,716,OMITIDO,Saldo vacio o no numerico: '',"144,John Doe,,25,hipoteca"
1021,transacciones.csv,863,OMITIDO,Monto vacio o no numerico: '',"862,24/07/2024,,debito"
1022,intereses.csv,718,OMITIDO,Tipo fuera del catalogo permitido: '-1',"114,Alice Brown,7000,25,-1"
1023,transacciones.csv,864,OMITIDO,Fecha ilegible o inexistente: 2024-13-01,"863,2024-13-01,-200,invalid"
1024,intereses.csv,719,OMITIDO,Edad fuera del rango permitido: '',"113,Bob Johnson,12000,,hipoteca"
1025,transacciones.csv,868,OMITIDO,Tipo fuera del catalogo permitido: 'invalid',"867,12-03-2024,-200,invalid"
1026,intereses.csv,720,OMITIDO,Tipo fuera del catalogo permitido: '-1',"127,Charlie Green,7000,150,-1"
1027,transacciones.csv,869,OMITIDO,Monto vacio o no numerico: '',"868,2024/11/20,,invalid"
1028,intereses.csv,721,OMITIDO,Tipo fuera del catalogo permitido: '-1',"124,John Doe,12000,,-1"
1029,transacciones.csv,871,OMITIDO,Tipo fuera del catalogo permitido: 'desconocido',"870,2024-06-23,1200,desconocido"
1030,intereses.csv,722,OMITIDO,Edad fuera del rango permitido: '',"139,Jane Smith,10000,,hipoteca"
1031,transacciones.csv,874,OMITIDO,Monto vacio o no numerico: '',"873,2024-12-23,,credito"
1032,intereses.csv,723,OMITIDO,Tipo fuera del catalogo permitido: '-1',"108,Steve Rogers,5000,30,-1"
1033,transacciones.csv,875,OMITIDO,Tipo fuera del catalogo permitido: 'invalid',"874,2024-12-20,-200,invalid"
1034,intereses.csv,724,OMITIDO,Tipo fuera del catalogo permitido: '-1',"136,John Doe,8000,35,-1"
1035,transacciones.csv,876,OMITIDO,Monto vacio o no numerico: '',"875,01/09/2024,,invalid"
1036,intereses.csv,726,OMITIDO,Tipo fuera del catalogo permitido: 'unknown',"123,John Doe,7000,40,unknown"
1037,transacciones.csv,878,OMITIDO,Monto vacio o no numerico: '',"877,19-03-2024,,credito"
1038,intereses.csv,727,OMITIDO,Edad fuera del rango permitido: 150 (rango permitido 18-99),"103,John Doe,7000,150,ahorro"
1039,transacciones.csv,879,OMITIDO,Monto vacio o no numerico: '',"878,2024-01-08,,invalid"
1040,intereses.csv,728,OMITIDO,Tipo fuera del catalogo permitido: 'unknown',"140,Bob Johnson,,40,unknown"
1041,transacciones.csv,880,OMITIDO,Monto vacio o no numerico: '',"879,2024/07/05,,debito"
1042,intereses.csv,729,OMITIDO,Saldo vacio o no numerico: '',"129,John Doe,,40,prestamo"
1043,transacciones.csv,882,OMITIDO,Tipo fuera del catalogo permitido: 'invalid',"881,06/11/2024,-100,invalid"
1044,intereses.csv,731,OMITIDO,Edad fuera del rango permitido: '',"142,Charlie Green,12000,,hipoteca"
1045,transacciones.csv,883,OMITIDO,Monto vacio o no numerico: '',"882,2024-07-08,,credito"
1046,intereses.csv,732,OMITIDO,Tipo fuera del catalogo permitido: '-1',"110,Bob Johnson,5000,45,-1"
1047,transacciones.csv,884,OMITIDO,Tipo fuera del catalogo permitido: 'invalid',"883,2024/04/03,-200,invalid"
1048,intereses.csv,734,OMITIDO,Tipo fuera del catalogo permitido: '-1',"142,Alice Brown,12000,,-1"
1049,transacciones.csv,889,OMITIDO,Monto vacio o no numerico: '',"888,2024/12/25,,debito"
1050,intereses.csv,735,OMITIDO,Edad fuera del rango permitido: 100 (rango permitido 18-99),"130,Unknown,12000,100,ahorro"
1051,transacciones.csv,892,OMITIDO,Tipo fuera del catalogo permitido: 'invalid',"891,2024/12/24,3000,invalid"
1052,intereses.csv,736,OMITIDO,Tipo fuera del catalogo permitido: '-1',"111,Steve Rogers,,,-1"
1053,transacciones.csv,894,OMITIDO,Tipo fuera del catalogo permitido: 'invalid',"893,2024-11-06,1000,invalid"
1054,intereses.csv,737,OMITIDO,Tipo fuera del catalogo permitido: '-1',"107,John Doe,,35,-1"
1055,transacciones.csv,895,OMITIDO,Monto vacio o no numerico: '',"894,30/10/2024,,credito"
1056,intereses.csv,738,OMITIDO,Tipo fuera del catalogo permitido: 'unknown',"144,John Doe,10000,,unknown"
1057,transacciones.csv,897,OMITIDO,Fecha ilegible o inexistente: 2024-13-01,"896,2024-13-01,1500,debito"
1058,intereses.csv,740,OMITIDO,Saldo vacio o no numerico: '',"111,John Doe,,45,prestamo"
1059,intereses.csv,742,OMITIDO,Edad fuera del rango permitido: 100 (rango permitido 18-99),"125,Alice Brown,10000,100,ahorro"
1060,intereses.csv,744,OMITIDO,Tipo fuera del catalogo permitido: '-1',"122,Charlie Green,8000,25,-1"
1061,intereses.csv,745,OMITIDO,Saldo vacio o no numerico: '',"137,Diana Prince,,100,prestamo"
1062,intereses.csv,747,OMITIDO,Saldo vacio o no numerico: '',"138,Steve Rogers,,40,prestamo"
1063,intereses.csv,749,OMITIDO,Edad fuera del rango permitido: 100 (rango permitido 18-99),"123,Unknown,10000,100,ahorro"
1064,intereses.csv,750,OMITIDO,Edad fuera del rango permitido: '',"122,Alice Brown,5000,,ahorro"
1065,intereses.csv,751,OMITIDO,Saldo vacio o no numerico: '',"139,Charlie Green,,25,hipoteca"
1066,intereses.csv,752,OMITIDO,Tipo fuera del catalogo permitido: '-1',"110,Diana Prince,8000,40,-1"
1067,intereses.csv,753,OMITIDO,Edad fuera del rango permitido: 100 (rango permitido 18-99),"137,Jane Smith,8000,100,ahorro"
1068,intereses.csv,754,OMITIDO,Edad fuera del rango permitido: 150 (rango permitido 18-99),"139,Charlie Green,7000,150,prestamo"
1069,intereses.csv,755,OMITIDO,Edad fuera del rango permitido: 100 (rango permitido 18-99),"132,Charlie Green,5000,100,ahorro"
1070,intereses.csv,757,OMITIDO,Edad fuera del rango permitido: '',"144,Alice Brown,7000,,prestamo"
1071,intereses.csv,758,OMITIDO,Tipo fuera del catalogo permitido: '-1',"148,Alice Brown,8000,100,-1"
1072,intereses.csv,759,OMITIDO,Tipo fuera del catalogo permitido: '-1',"106,Diana Prince,7000,30,-1"
1073,intereses.csv,761,OMITIDO,Saldo vacio o no numerico: '',"106,Charlie Green,,35,hipoteca"
1074,intereses.csv,763,OMITIDO,Saldo vacio o no numerico: '',"107,Jane Smith,,40,prestamo"
1075,intereses.csv,764,OMITIDO,Tipo fuera del catalogo permitido: '-1',"143,Bob Johnson,12000,45,-1"
1076,transacciones.csv,902,OMITIDO,Tipo fuera del catalogo permitido: 'invalid',"901,2024/06/22,-200,invalid"
1077,transacciones.csv,903,OMITIDO,Tipo fuera del catalogo permitido: 'invalid',"902,30/01/2024,1200,invalid"
1078,intereses.csv,765,OMITIDO,Edad fuera del rango permitido: 100 (rango permitido 18-99),"140,Diana Prince,5000,100,prestamo"
1079,transacciones.csv,907,OMITIDO,Monto vacio o no numerico: '',"906,19/01/2024,,invalid"
1080,intereses.csv,766,OMITIDO,Edad fuera del rango permitido: '',"114,Bob Johnson,7000,,ahorro"
1081,transacciones.csv,910,OMITIDO,Fecha ilegible o inexistente: 2024-13-01,"909,2024-13-01,800,credito"
1082,intereses.csv,769,OMITIDO,Saldo vacio o no numerico: '',"110,Steve Rogers,,25,hipoteca"
1083,transacciones.csv,911,OMITIDO,Tipo fuera del catalogo permitido: 'invalid',"910,08/08/2024,3000,invalid"
1084,intereses.csv,770,OMITIDO,Tipo fuera del catalogo permitido: 'unknown',"139,Diana Prince,12000,100,unknown"
1085,transacciones.csv,914,OMITIDO,Tipo fuera del catalogo permitido: 'invalid',"913,06/04/2024,500,invalid"
1086,intereses.csv,771,OMITIDO,Tipo fuera del catalogo permitido: '-1',"150,Diana Prince,8000,,-1"
1087,transacciones.csv,916,OMITIDO,Tipo fuera del catalogo permitido: 'invalid',"915,2024/01/21,-200,invalid"
1088,intereses.csv,772,OMITIDO,Saldo vacio o no numerico: '',"102,Charlie Green,,30,ahorro"
1089,transacciones.csv,917,OMITIDO,Tipo fuera del catalogo permitido: 'invalid',"916,2024-12-24,700,invalid"
1090,intereses.csv,774,OMITIDO,Saldo vacio o no numerico: '',"107,Jane Smith,,100,hipoteca"
1091,transacciones.csv,918,OMITIDO,Fecha ilegible o inexistente: 2024-13-01,"917,2024-13-01,800,credito"
1092,intereses.csv,775,OMITIDO,Tipo fuera del catalogo permitido: '-1',"144,Charlie Green,8000,25,-1"
1093,transacciones.csv,919,OMITIDO,Tipo fuera del catalogo permitido: 'invalid',"918,22-01-2024,-200,invalid"
1094,intereses.csv,776,OMITIDO,Tipo fuera del catalogo permitido: '-1',"116,Steve Rogers,,40,-1"
1095,transacciones.csv,922,OMITIDO,Monto vacio o no numerico: '',"921,24/09/2024,,credito"
1096,intereses.csv,777,OMITIDO,Saldo vacio o no numerico: '',"135,Bob Johnson,,40,hipoteca"
1097,transacciones.csv,924,OMITIDO,Monto vacio o no numerico: '',"923,20-12-2024,,desconocido"
1098,intereses.csv,778,OMITIDO,Tipo fuera del catalogo permitido: '-1',"139,Charlie Green,10000,,-1"
1099,transacciones.csv,925,OMITIDO,Monto vacio o no numerico: '',"924,30-10-2024,,debito"
1100,intereses.csv,779,OMITIDO,Tipo fuera del catalogo permitido: '-1',"138,Bob Johnson,8000,,-1"
1101,transacciones.csv,926,OMITIDO,Monto vacio o no numerico: '',"925,04/11/2024,,credito"
1102,intereses.csv,781,OMITIDO,Tipo fuera del catalogo permitido: 'unknown',"123,Jane Smith,8000,40,unknown"
1103,transacciones.csv,927,OMITIDO,Tipo fuera del catalogo permitido: 'invalid',"926,2024-01-23,700,invalid"
1104,intereses.csv,782,OMITIDO,Edad fuera del rango permitido: 100 (rango permitido 18-99),"127,Jane Smith,8000,100,ahorro"
1105,transacciones.csv,928,OMITIDO,Fecha ilegible o inexistente: 2024-13-01,"927,2024-13-01,,credito"
1106,intereses.csv,783,OMITIDO,Tipo fuera del catalogo permitido: '-1',"145,Bob Johnson,12000,25,-1"
1107,transacciones.csv,929,OMITIDO,Tipo fuera del catalogo permitido: 'invalid',"928,2024/04/14,1500,invalid"
1108,intereses.csv,784,OMITIDO,Saldo vacio o no numerico: '',"128,Jane Smith,,45,hipoteca"
1109,transacciones.csv,932,OMITIDO,Monto vacio o no numerico: '',"931,08-12-2024,,debito"
1110,intereses.csv,785,OMITIDO,Edad fuera del rango permitido: '',"133,John Doe,12000,,prestamo"
1111,transacciones.csv,934,OMITIDO,Tipo fuera del catalogo permitido: 'invalid',"933,01-08-2024,-200,invalid"
1112,intereses.csv,786,OMITIDO,Tipo fuera del catalogo permitido: '-1',"145,Jane Smith,7000,100,-1"
1113,transacciones.csv,935,OMITIDO,Monto vacio o no numerico: '',"934,02/08/2024,,credito"
1114,intereses.csv,787,OMITIDO,Tipo fuera del catalogo permitido: 'unknown',"145,Charlie Green,10000,30,unknown"
1115,transacciones.csv,936,OMITIDO,Tipo fuera del catalogo permitido: 'invalid',"935,26/08/2024,1000,invalid"
1116,intereses.csv,788,OMITIDO,Edad fuera del rango permitido: 100 (rango permitido 18-99),"124,Steve Rogers,10000,100,hipoteca"
1117,transacciones.csv,939,OMITIDO,Tipo fuera del catalogo permitido: 'invalid',"938,08-10-2024,800,invalid"
1118,intereses.csv,789,OMITIDO,Saldo vacio o no numerico: '',"140,Charlie Green,,35,hipoteca"
1119,transacciones.csv,942,OMITIDO,Monto vacio o no numerico: '',"941,14-01-2024,,invalid"
1120,intereses.csv,790,OMITIDO,Saldo vacio o no numerico: '',"114,Bob Johnson,,,prestamo"
1121,transacciones.csv,945,OMITIDO,Monto vacio o no numerico: '',"944,2024/07/20,,credito"
1122,intereses.csv,791,OMITIDO,Edad fuera del rango permitido: '',"101,Bob Johnson,8000,,ahorro"
1123,transacciones.csv,950,OMITIDO,Tipo fuera del catalogo permitido: 'desconocido',"949,15-09-2024,1000,desconocido"
1124,intereses.csv,792,OMITIDO,Tipo fuera del catalogo permitido: '-1',"128,Jane Smith,8000,25,-1"
1125,transacciones.csv,952,OMITIDO,Tipo fuera del catalogo permitido: 'invalid',"951,2024-06-07,3000,invalid"
1126,intereses.csv,794,OMITIDO,Edad fuera del rango permitido: '',"111,Jane Smith,7000,,ahorro"
1127,transacciones.csv,955,OMITIDO,Tipo fuera del catalogo permitido: 'invalid',"954,2024/02/10,1000,invalid"
1128,intereses.csv,795,OMITIDO,Edad fuera del rango permitido: 100 (rango permitido 18-99),"145,Steve Rogers,12000,100,ahorro"
1129,transacciones.csv,957,OMITIDO,Monto vacio o no numerico: '',"956,2024/12/01,,credito"
1130,intereses.csv,796,OMITIDO,Tipo fuera del catalogo permitido: '-1',"114,Steve Rogers,5000,,-1"
1131,transacciones.csv,958,OMITIDO,Tipo fuera del catalogo permitido: 'invalid',"957,30/12/2024,700,invalid"
1132,intereses.csv,797,OMITIDO,Tipo fuera del catalogo permitido: '-1',"119,John Doe,12000,35,-1"
1133,transacciones.csv,960,OMITIDO,Tipo fuera del catalogo permitido: 'invalid',"959,2024-06-25,-200,invalid"
1134,intereses.csv,798,OMITIDO,Edad fuera del rango permitido: 100 (rango permitido 18-99),"101,Bob Johnson,12000,100,hipoteca"
1135,transacciones.csv,961,OMITIDO,Tipo fuera del catalogo permitido: 'invalid',"960,2024/03/29,-200,invalid"
1136,intereses.csv,799,OMITIDO,Tipo fuera del catalogo permitido: '-1',"107,Unknown,10000,30,-1"
1137,transacciones.csv,962,OMITIDO,Tipo fuera del catalogo permitido: 'invalid',"961,20-10-2024,-200,invalid"
1138,intereses.csv,800,OMITIDO,Saldo vacio o no numerico: '',"105,Steve Rogers,,35,hipoteca"
1139,transacciones.csv,966,OMITIDO,Tipo fuera del catalogo permitido: 'invalid',"965,2024/08/12,3000,invalid"
1140,intereses.csv,801,OMITIDO,Saldo vacio o no numerico: '',"104,John Doe,,45,ahorro"
1141,transacciones.csv,970,OMITIDO,Tipo fuera del catalogo permitido: 'invalid',"969,2024/04/15,3000,invalid"
1142,transacciones.csv,971,OMITIDO,Tipo fuera del catalogo permitido: 'invalid',"970,2024-02-14,3000,invalid"
1143,transacciones.csv,973,OMITIDO,Tipo fuera del catalogo permitido: 'invalid',"972,03/12/2024,1000,invalid"
1144,transacciones.csv,974,OMITIDO,Fecha ilegible o inexistente: 2024-13-01,"973,2024-13-01,,debito"
1145,transacciones.csv,976,OMITIDO,Tipo fuera del catalogo permitido: 'desconocido',"975,2024-04-07,1200,desconocido"
1146,transacciones.csv,977,OMITIDO,Tipo fuera del catalogo permitido: 'invalid',"976,2024-02-09,800,invalid"
1147,transacciones.csv,978,OMITIDO,Tipo fuera del catalogo permitido: 'invalid',"977,2024-05-21,3000,invalid"
1148,transacciones.csv,979,OMITIDO,Tipo fuera del catalogo permitido: 'invalid',"978,2024/04/08,1500,invalid"
1149,transacciones.csv,981,OMITIDO,Tipo fuera del catalogo permitido: 'invalid',"980,2024-06-22,700,invalid"
1150,transacciones.csv,983,OMITIDO,Monto vacio o no numerico: '',"982,2024-06-08,,invalid"
1151,transacciones.csv,984,OMITIDO,Tipo fuera del catalogo permitido: 'invalid',"983,2024-05-23,1500,invalid"
1152,transacciones.csv,985,OMITIDO,Monto vacio o no numerico: '',"984,07/05/2024,,debito"
1153,intereses.csv,802,OMITIDO,Edad fuera del rango permitido: '',"122,Bob Johnson,10000,,ahorro"
1154,intereses.csv,803,OMITIDO,Edad fuera del rango permitido: 100 (rango permitido 18-99),"128,Steve Rogers,8000,100,ahorro"
1155,transacciones.csv,987,OMITIDO,Tipo fuera del catalogo permitido: 'invalid',"986,13/05/2024,700,invalid"
1156,intereses.csv,804,OMITIDO,Tipo fuera del catalogo permitido: '-1',"117,Jane Smith,,25,-1"
1157,transacciones.csv,988,OMITIDO,Monto vacio o no numerico: '',"987,13/10/2024,,debito"
1158,intereses.csv,805,OMITIDO,Edad fuera del rango permitido: 100 (rango permitido 18-99),"135,Alice Brown,8000,100,ahorro"
1159,transacciones.csv,989,OMITIDO,Tipo fuera del catalogo permitido: 'invalid',"988,11-12-2024,1200,invalid"
1160,intereses.csv,806,OMITIDO,Saldo vacio o no numerico: '',"149,Alice Brown,,35,ahorro"
1161,transacciones.csv,994,OMITIDO,Fecha ilegible o inexistente: 2024-13-01,"993,2024-13-01,700,invalid"
1162,intereses.csv,808,OMITIDO,Tipo fuera del catalogo permitido: '-1',"125,Bob Johnson,10000,30,-1"
1163,transacciones.csv,995,OMITIDO,Tipo fuera del catalogo permitido: 'invalid',"994,2024-06-09,700,invalid"
1164,intereses.csv,809,OMITIDO,Edad fuera del rango permitido: 100 (rango permitido 18-99),"126,John Doe,10000,100,prestamo"
1165,transacciones.csv,998,OMITIDO,Tipo fuera del catalogo permitido: 'invalid',"997,2024-06-14,-200,invalid"
1166,intereses.csv,810,OMITIDO,Saldo vacio o no numerico: '',"138,Bob Johnson,,35,prestamo"
1167,transacciones.csv,999,OMITIDO,Monto vacio o no numerico: '',"998,14-01-2024,,invalid"
1168,intereses.csv,813,OMITIDO,Edad fuera del rango permitido: '',"102,Jane Smith,12000,,hipoteca"
1169,intereses.csv,814,OMITIDO,Tipo fuera del catalogo permitido: '-1',"120,Diana Prince,12000,45,-1"
1170,intereses.csv,815,OMITIDO,Tipo fuera del catalogo permitido: '-1',"101,Bob Johnson,10000,35,-1"
1171,intereses.csv,816,OMITIDO,Tipo fuera del catalogo permitido: '-1',"121,Alice Brown,5000,,-1"
1172,intereses.csv,817,OMITIDO,Saldo vacio o no numerico: '',"127,Bob Johnson,,,prestamo"
1173,intereses.csv,825,OMITIDO,Tipo fuera del catalogo permitido: '-1',"108,John Doe,,,-1"
1174,intereses.csv,826,OMITIDO,Tipo fuera del catalogo permitido: '-1',"134,John Doe,5000,45,-1"
1175,intereses.csv,827,OMITIDO,Saldo vacio o no numerico: '',"105,Alice Brown,,30,ahorro"
1176,intereses.csv,828,OMITIDO,Tipo fuera del catalogo permitido: '-1',"138,Diana Prince,10000,30,-1"
1177,intereses.csv,829,OMITIDO,Edad fuera del rango permitido: 100 (rango permitido 18-99),"113,Bob Johnson,5000,100,hipoteca"
1178,intereses.csv,830,OMITIDO,Edad fuera del rango permitido: '',"134,Steve Rogers,5000,,prestamo"
1179,intereses.csv,831,OMITIDO,Tipo fuera del catalogo permitido: '-1',"147,Steve Rogers,10000,150,-1"
1180,intereses.csv,834,OMITIDO,Edad fuera del rango permitido: 100 (rango permitido 18-99),"149,Alice Brown,10000,100,prestamo"
1181,intereses.csv,836,OMITIDO,Saldo vacio o no numerico: '',"131,Charlie Green,,25,ahorro"
1182,intereses.csv,837,OMITIDO,Tipo fuera del catalogo permitido: '-1',"111,Alice Brown,8000,,-1"
1183,intereses.csv,839,OMITIDO,Saldo vacio o no numerico: '',"121,Charlie Green,,45,prestamo"
1184,intereses.csv,842,OMITIDO,Edad fuera del rango permitido: '',"129,Steve Rogers,10000,,prestamo"
1185,intereses.csv,847,OMITIDO,Tipo fuera del catalogo permitido: '-1',"106,John Doe,5000,25,-1"
1186,intereses.csv,851,OMITIDO,Tipo fuera del catalogo permitido: 'unknown',"108,Diana Prince,5000,25,unknown"
1187,intereses.csv,853,OMITIDO,Edad fuera del rango permitido: 100 (rango permitido 18-99),"104,John Doe,7000,100,prestamo"
1188,intereses.csv,855,OMITIDO,Edad fuera del rango permitido: 100 (rango permitido 18-99),"117,Bob Johnson,5000,100,prestamo"
1189,intereses.csv,856,OMITIDO,Edad fuera del rango permitido: 100 (rango permitido 18-99),"141,Jane Smith,12000,100,prestamo"
1190,intereses.csv,857,OMITIDO,Edad fuera del rango permitido: 150 (rango permitido 18-99),"115,Alice Brown,12000,150,prestamo"
1191,intereses.csv,860,OMITIDO,Tipo fuera del catalogo permitido: '-1',"113,Steve Rogers,8000,25,-1"
1192,intereses.csv,861,OMITIDO,Saldo vacio o no numerico: '',"101,Bob Johnson,,100,prestamo"
1193,intereses.csv,862,OMITIDO,Edad fuera del rango permitido: '',"138,Charlie Green,12000,,hipoteca"
1194,intereses.csv,864,OMITIDO,Tipo fuera del catalogo permitido: '-1',"146,Steve Rogers,10000,,-1"
1195,intereses.csv,865,OMITIDO,Tipo fuera del catalogo permitido: '-1',"109,Bob Johnson,10000,,-1"
1196,intereses.csv,867,OMITIDO,Tipo fuera del catalogo permitido: 'unknown',"135,Jane Smith,12000,30,unknown"
1197,intereses.csv,869,OMITIDO,Saldo vacio o no numerico: '',"142,Bob Johnson,,100,prestamo"
1198,intereses.csv,870,OMITIDO,Tipo fuera del catalogo permitido: '-1',"102,Steve Rogers,7000,40,-1"
1199,intereses.csv,872,OMITIDO,Tipo fuera del catalogo permitido: '-1',"110,Unknown,10000,,-1"
1200,intereses.csv,875,OMITIDO,Tipo fuera del catalogo permitido: '-1',"145,Diana Prince,8000,100,-1"
1201,intereses.csv,876,OMITIDO,Tipo fuera del catalogo permitido: '-1',"108,Diana Prince,7000,30,-1"
1202,intereses.csv,878,OMITIDO,Edad fuera del rango permitido: 100 (rango permitido 18-99),"111,Charlie Green,10000,100,hipoteca"
1203,intereses.csv,881,OMITIDO,Tipo fuera del catalogo permitido: '-1',"147,Bob Johnson,5000,,-1"
1204,intereses.csv,882,OMITIDO,Edad fuera del rango permitido: 100 (rango permitido 18-99),"116,Steve Rogers,10000,100,hipoteca"
1205,intereses.csv,884,OMITIDO,Saldo vacio o no numerico: '',"111,Jane Smith,,,prestamo"
1206,intereses.csv,885,OMITIDO,Tipo fuera del catalogo permitido: '-1',"143,Jane Smith,10000,40,-1"
1207,intereses.csv,886,OMITIDO,Saldo vacio o no numerico: '',"123,Diana Prince,,25,ahorro"
1208,intereses.csv,887,OMITIDO,Tipo fuera del catalogo permitido: '-1',"127,Steve Rogers,12000,25,-1"
1209,intereses.csv,888,OMITIDO,Edad fuera del rango permitido: '',"137,Diana Prince,10000,,hipoteca"
1210,intereses.csv,889,OMITIDO,Tipo fuera del catalogo permitido: '-1',"121,John Doe,7000,25,-1"
1211,intereses.csv,890,OMITIDO,Saldo vacio o no numerico: '',"106,Steve Rogers,,35,ahorro"
1212,intereses.csv,891,OMITIDO,Tipo fuera del catalogo permitido: '-1',"146,Diana Prince,10000,30,-1"
1213,intereses.csv,892,OMITIDO,Tipo fuera del catalogo permitido: '-1',"105,John Doe,,30,-1"
1214,intereses.csv,894,OMITIDO,Tipo fuera del catalogo permitido: '-1',"142,Alice Brown,8000,25,-1"
1215,intereses.csv,895,OMITIDO,Saldo vacio o no numerico: '',"114,Jane Smith,,150,hipoteca"
1216,intereses.csv,896,OMITIDO,Tipo fuera del catalogo permitido: '-1',"126,Diana Prince,5000,45,-1"
1217,intereses.csv,897,OMITIDO,Tipo fuera del catalogo permitido: '-1',"113,Diana Prince,5000,25,-1"
1218,intereses.csv,898,OMITIDO,Saldo vacio o no numerico: '',"118,Steve Rogers,,45,ahorro"
1219,intereses.csv,899,OMITIDO,Saldo vacio o no numerico: '',"119,Jane Smith,,35,prestamo"
1220,intereses.csv,900,OMITIDO,Edad fuera del rango permitido: '',"138,Steve Rogers,5000,,hipoteca"
1221,intereses.csv,901,OMITIDO,Saldo vacio o no numerico: '',"135,Alice Brown,,45,prestamo"
1222,intereses.csv,981,FILTRADO,"Registro duplicado, ya procesado en esta ejecucion: fila identica","123,Alice Brown,,25,hipoteca"
1223,intereses.csv,991,FILTRADO,"Registro duplicado, ya procesado en esta ejecucion: fila identica","119,John Doe,10000,100,-1"
1224,intereses.csv,902,OMITIDO,Saldo vacio o no numerico: '',"112,Steve Rogers,,40,prestamo"
1225,intereses.csv,903,OMITIDO,Tipo fuera del catalogo permitido: '-1',"115,John Doe,8000,100,-1"
1226,intereses.csv,904,OMITIDO,Edad fuera del rango permitido: 150 (rango permitido 18-99),"125,Bob Johnson,7000,150,prestamo"
1227,intereses.csv,905,OMITIDO,Tipo fuera del catalogo permitido: '-1',"131,Bob Johnson,10000,150,-1"
1228,intereses.csv,906,OMITIDO,Edad fuera del rango permitido: 100 (rango permitido 18-99),"122,John Doe,12000,100,hipoteca"
1229,intereses.csv,908,OMITIDO,Tipo fuera del catalogo permitido: '-1',"126,John Doe,10000,,-1"
1230,intereses.csv,910,OMITIDO,Tipo fuera del catalogo permitido: 'unknown',"139,Alice Brown,7000,35,unknown"
1231,intereses.csv,911,OMITIDO,Saldo vacio o no numerico: '',"136,Bob Johnson,,,hipoteca"
1232,intereses.csv,912,OMITIDO,Tipo fuera del catalogo permitido: '-1',"136,Steve Rogers,,40,-1"
1233,intereses.csv,915,OMITIDO,Tipo fuera del catalogo permitido: '-1',"147,Steve Rogers,12000,,-1"
1234,intereses.csv,917,OMITIDO,Edad fuera del rango permitido: '',"142,Charlie Green,7000,,prestamo"
1235,intereses.csv,918,OMITIDO,Tipo fuera del catalogo permitido: '-1',"143,Jane Smith,10000,25,-1"
1236,intereses.csv,920,OMITIDO,Tipo fuera del catalogo permitido: '-1',"111,John Doe,12000,100,-1"
1237,intereses.csv,922,OMITIDO,Tipo fuera del catalogo permitido: '-1',"121,Alice Brown,8000,30,-1"
1238,intereses.csv,923,OMITIDO,Tipo fuera del catalogo permitido: '-1',"107,John Doe,,45,-1"
1239,intereses.csv,924,OMITIDO,Saldo vacio o no numerico: '',"125,Alice Brown,,30,prestamo"
1240,intereses.csv,927,OMITIDO,Tipo fuera del catalogo permitido: '-1',"116,Diana Prince,10000,25,-1"
1241,intereses.csv,929,OMITIDO,Saldo vacio o no numerico: '',"122,Jane Smith,,35,hipoteca"
1242,intereses.csv,930,OMITIDO,Tipo fuera del catalogo permitido: '-1',"101,Jane Smith,12000,40,-1"
1243,intereses.csv,931,OMITIDO,Edad fuera del rango permitido: '',"103,Bob Johnson,7000,,prestamo"
1244,intereses.csv,932,OMITIDO,Edad fuera del rango permitido: 100 (rango permitido 18-99),"111,John Doe,12000,100,prestamo"
1245,intereses.csv,933,OMITIDO,Saldo vacio o no numerico: '',"121,Bob Johnson,,100,prestamo"
1246,intereses.csv,936,OMITIDO,Tipo fuera del catalogo permitido: '-1',"114,Diana Prince,8000,30,-1"
1247,intereses.csv,939,OMITIDO,Tipo fuera del catalogo permitido: '-1',"141,Steve Rogers,,40,-1"
1248,intereses.csv,940,OMITIDO,Tipo fuera del catalogo permitido: '-1',"129,Steve Rogers,7000,30,-1"
1249,intereses.csv,941,OMITIDO,Tipo fuera del catalogo permitido: '-1',"108,Jane Smith,8000,25,-1"
1250,intereses.csv,943,OMITIDO,Edad fuera del rango permitido: '',"142,Diana Prince,8000,,prestamo"
1251,intereses.csv,947,OMITIDO,Tipo fuera del catalogo permitido: '-1',"105,Alice Brown,8000,35,-1"
1252,intereses.csv,948,OMITIDO,Edad fuera del rango permitido: 100 (rango permitido 18-99),"127,Charlie Green,8000,100,hipoteca"
1253,intereses.csv,949,OMITIDO,Tipo fuera del catalogo permitido: '-1',"149,Bob Johnson,10000,25,-1"
1254,intereses.csv,950,OMITIDO,Saldo vacio o no numerico: '',"134,Diana Prince,,45,hipoteca"
1255,intereses.csv,952,OMITIDO,Edad fuera del rango permitido: 100 (rango permitido 18-99),"148,Charlie Green,12000,100,ahorro"
1256,intereses.csv,953,OMITIDO,Saldo vacio o no numerico: '',"115,Bob Johnson,,30,prestamo"
1257,intereses.csv,954,OMITIDO,Edad fuera del rango permitido: 100 (rango permitido 18-99),"135,John Doe,10000,100,hipoteca"
1258,intereses.csv,956,OMITIDO,Tipo fuera del catalogo permitido: '-1',"113,Jane Smith,8000,35,-1"
1259,intereses.csv,957,OMITIDO,Saldo vacio o no numerico: '',"108,Jane Smith,,35,ahorro"
1260,intereses.csv,961,OMITIDO,Tipo fuera del catalogo permitido: '-1',"132,Unknown,5000,,-1"
1261,intereses.csv,962,OMITIDO,Edad fuera del rango permitido: '',"108,Charlie Green,8000,,prestamo"
1262,intereses.csv,964,OMITIDO,Tipo fuera del catalogo permitido: 'unknown',"130,John Doe,12000,30,unknown"
1263,intereses.csv,965,OMITIDO,Saldo vacio o no numerico: '',"104,Bob Johnson,,,prestamo"
1264,intereses.csv,966,OMITIDO,Tipo fuera del catalogo permitido: '-1',"102,Alice Brown,12000,30,-1"
1265,intereses.csv,967,OMITIDO,Edad fuera del rango permitido: '',"129,Bob Johnson,7000,,ahorro"
1266,intereses.csv,971,OMITIDO,Saldo vacio o no numerico: '',"123,Charlie Green,,,prestamo"
1267,intereses.csv,973,OMITIDO,Tipo fuera del catalogo permitido: 'unknown',"107,Diana Prince,5000,45,unknown"
1268,intereses.csv,976,OMITIDO,Saldo vacio o no numerico: '',"117,Alice Brown,,45,hipoteca"
1269,intereses.csv,977,OMITIDO,Tipo fuera del catalogo permitido: '-1',"129,Jane Smith,,30,-1"
1270,intereses.csv,978,OMITIDO,Tipo fuera del catalogo permitido: '-1',"133,John Doe,7000,150,-1"
1271,intereses.csv,979,OMITIDO,Saldo vacio o no numerico: '',"113,Jane Smith,,25,prestamo"
1272,intereses.csv,984,OMITIDO,Edad fuera del rango permitido: 100 (rango permitido 18-99),"146,Charlie Green,12000,100,hipoteca"
1273,intereses.csv,986,OMITIDO,Tipo fuera del catalogo permitido: '-1',"127,Diana Prince,8000,35,-1"
1274,intereses.csv,987,OMITIDO,Edad fuera del rango permitido: 100 (rango permitido 18-99),"116,Diana Prince,7000,100,ahorro"
1275,intereses.csv,988,OMITIDO,Edad fuera del rango permitido: 100 (rango permitido 18-99),"126,Charlie Green,7000,100,hipoteca"
1276,intereses.csv,989,OMITIDO,Tipo fuera del catalogo permitido: '-1',"135,Alice Brown,7000,,-1"
1277,intereses.csv,993,OMITIDO,Tipo fuera del catalogo permitido: '-1',"129,Unknown,7000,35,-1"
1278,intereses.csv,995,OMITIDO,Tipo fuera del catalogo permitido: '-1',"116,Alice Brown,10000,30,-1"
1279,intereses.csv,996,OMITIDO,Edad fuera del rango permitido: 100 (rango permitido 18-99),"101,Charlie Green,8000,100,prestamo"
1280,intereses.csv,999,OMITIDO,Tipo fuera del catalogo permitido: '-1',"139,Charlie Green,,25,-1"
1281,intereses.csv,1000,OMITIDO,Saldo vacio o no numerico: '',"114,Steve Rogers,,100,prestamo"
